{"metadata":{"asset_id":"027582bf-9508-4011-8ffe-1b542ab7adbd","asset_attributes":["data_asset"],"name":"dataset_desafio_2.csv","asset_type":"data_asset","created_at":"2020-08-22T15:45:43Z","description":"","origin_country":"us","owner_id":"IBMid-550000M0NH","project_id":"f2e8bc64-214d-4e31-9066-5a6a778c0620","size":1520235,"tags":[],"usage":{"last_update_time":1598111144329,"last_updated_at":"2020-08-22T15:45:44Z"}},"entity":{"data_asset":{"mime_type":"text/csv","dataset":false}},"attachments":[{"id":"7382a4f5-7932-47c2-a57d-fa17ec66bca4","version":2,"asset_type":"data_asset","name":"dataset_desafio_2.csv","mime":"text/csv","datasource_type":"193a97c1-4475-4a19-b90c-295c4fdc6517","object_key":"dataset_desafio_2.csv","creator_id":"iam-ServiceId-f49c5558-c247-4983-a04f-7d3c7a3d55da","create_time":1598111144240,"size":1520235,"is_remote":false,"is_managed":false,"is_referenced":true,"is_object_key_read_only":false,"is_user_provided_path_key":true,"transfer_complete":true,"is_partitioned":false,"complete_time_ticks":1598111144240,"user_data":{},"test_doc":0,"handle":{"bucket":"desafiobehindcodeuninassau-donotdelete-pr-1tsr5jedsz4avo","location":"us-geo","key":"dataset_desafio_2.csv","upload_id":"done","max_part_num":1},"usage":{"access_count":0,"last_accessor_id":"iam-ServiceId-f49c5558-c247-4983-a04f-7d3c7a3d55da","last_access_time":1598111144240}}]}
