{"metadata":{"asset_id":"a54b7637-5e4d-47cb-9c87-b37435756c69","asset_attributes":["notebook"],"name":"parte-2","asset_type":"notebook","created_at":"2020-08-22T15:45:44Z","description":"","origin_country":"us","owner_id":"IBMid-550000M0NH","project_id":"f2e8bc64-214d-4e31-9066-5a6a778c0620","size":24880,"tags":["notebook"],"usage":{"last_update_time":1598221061152,"last_updated_at":"2020-08-23T22:17:41Z"}},"entity":{"notebook":{"kernel":{"name":"python3","display_name":"Python 3.6","language":"python"},"originates_from":{"type":"file"},"runtime":{"environment":"conda2py36-f2e8bc64-214d-4e31-9066-5a6a778c0620"}}},"attachments":[{"id":"ffae5d92-c0ec-4822-945a-e00fc289be53","version":2,"asset_type":"notebook","name":"attachment for notebook a54b7637-5e4d-47cb-9c87-b37435756c69","description":"attachment for notebook a54b7637-5e4d-47cb-9c87-b37435756c69","mime":"application/json","datasource_type":"193a97c1-4475-4a19-b90c-295c4fdc6517","object_key":"notebook/parte-2_XvWXXx6YQ.ipynb","creator_id":"iam-ServiceId-9e68bc5f-c5f6-4f6f-8bcf-e57f47b9d1b1","create_time":1598111145497,"size":24880,"is_remote":false,"is_managed":false,"is_referenced":true,"is_object_key_read_only":false,"is_user_provided_path_key":true,"transfer_complete":true,"is_partitioned":false,"complete_time_ticks":1598111145497,"user_data":{},"test_doc":0,"handle":{"bucket":"desafiobehindcodeuninassau-donotdelete-pr-1tsr5jedsz4avo","location":"us-geo","key":"notebook/parte-2_XvWXXx6YQ.ipynb","upload_id":"done","max_part_num":1},"usage":{"access_count":0,"last_accessor_id":"iam-ServiceId-9e68bc5f-c5f6-4f6f-8bcf-e57f47b9d1b1","last_access_time":1598111145497}}]}
