{"metadata":{"asset_id":"cf32005d-af9f-40f0-944e-809cc8b9fc34","asset_attributes":["notebook"],"name":"parte-1","asset_type":"notebook","created_at":"2020-08-22T15:45:44Z","description":"","origin_country":"us","owner_id":"IBMid-550000M0NH","project_id":"f2e8bc64-214d-4e31-9066-5a6a778c0620","size":24680,"tags":["notebook"],"usage":{"last_update_time":1598219390573,"last_updated_at":"2020-08-23T21:49:50Z"}},"entity":{"notebook":{"kernel":{"name":"python3","display_name":"Python 3.6","language":"python"},"originates_from":{"type":"file"},"runtime":{"environment":"conda2py36-f2e8bc64-214d-4e31-9066-5a6a778c0620"}}},"attachments":[{"id":"b990ae75-302c-4cfb-8934-683cdfcb104c","version":2,"asset_type":"notebook","name":"attachment for notebook cf32005d-af9f-40f0-944e-809cc8b9fc34","description":"attachment for notebook cf32005d-af9f-40f0-944e-809cc8b9fc34","mime":"application/json","datasource_type":"193a97c1-4475-4a19-b90c-295c4fdc6517","object_key":"notebook/parte-1_XTm42MgVg.ipynb","creator_id":"iam-ServiceId-9e68bc5f-c5f6-4f6f-8bcf-e57f47b9d1b1","create_time":1598111145610,"size":24680,"is_remote":false,"is_managed":false,"is_referenced":true,"is_object_key_read_only":false,"is_user_provided_path_key":true,"transfer_complete":true,"is_partitioned":false,"complete_time_ticks":1598111145610,"user_data":{},"test_doc":0,"handle":{"bucket":"desafiobehindcodeuninassau-donotdelete-pr-1tsr5jedsz4avo","location":"us-geo","key":"notebook/parte-1_XTm42MgVg.ipynb","upload_id":"done","max_part_num":1},"usage":{"access_count":0,"last_accessor_id":"iam-ServiceId-9e68bc5f-c5f6-4f6f-8bcf-e57f47b9d1b1","last_access_time":1598111145610}}]}
