Açaí-Guaraná,Citrus,Estação,LAT,LONG,Maçã-Verde,Movimentação,Original_269,Original_473,Pêssego,TARGET,Tangerina,Tempo,Zero,_id,_rev,row
5,31,Luz,-23.5365,-46.6332,23,125302,6,75,34,NORMAL,37,2019-10-14,37,151792abd81a8c707f812299e4001f5b,1-5a6af57385ad612412a7f781e389d05c,11444
28,18,Luz,-23.5365,-46.6332,21,125850,53,86,8,NORMAL,7,2019-11-1,58,151792abd81a8c707f812299e4002f20,1-26d3154814fe0825d635f9041cf0aa01,11461
21,13,S,-23.55,-46.6333,20,193367,38,86,17,NORMAL,19,2018-6-11,28,151792abd81a8c707f812299e4007d07,1-0b53bf6e2181d7d484c01eb4b3069257,3761
28,14,Brooklin,-23.6263,-46.6878,4,27430,3,67,23,REABASTECER,39,2019-6-25,6,151792abd81a8c707f812299e40098c2,1-b8c80925cd4a432b87e58c5056368bc1,14935
38,24,Ana Rosa,-23.5813,-46.6383,25,66023,11,62,9,NORMAL,7,2018-1-21,51,151792abd81a8c707f812299e400c3e9,1-da4efd83791a7595bd9c377219755d0b,11541
15,27,S,-23.55,-46.6333,30,194158,20,7,39,NORMAL,43,2018-7-7,5,151792abd81a8c707f812299e400cb2c,1-c573009dbcd0edc866bb30601403e93d,3787
31,6,S,-23.55,-46.6333,8,192822,54,26,16,NORMAL,18,2018-7-14,27,151792abd81a8c707f812299e400e1d8,1-0d56c1db1af8b7e368da8a0675d7bf0d,3794
6,9,Brooklin,-23.6263,-46.6878,43,27539,14,45,38,REABASTECER,17,2019-9-25,20,151792abd81a8c707f812299e4014c42,1-43deb0c3ac1a2a4027b05205f27a7612,15025
30,43,Ana Rosa,-23.5813,-46.6383,27,66022,32,35,40,NORMAL,39,2018-5-2,31,151792abd81a8c707f812299e4017048,1-ce67b9e5221722e7967b595c8c073a0c,11642
18,33,Ana Rosa,-23.5813,-46.6383,20,66325,13,6,31,NORMAL,23,2018-5-5,6,151792abd81a8c707f812299e401824c,1-ee68718250c1682517f04bbf06f16535,11645
31,4,S,-23.55,-46.6333,39,191580,49,57,14,NORMAL,13,2018-11-6,21,151792abd81a8c707f812299e4019a3a,1-2ca0c68f7907fac16d2d758eee5da8fa,3906
26,43,S,-23.55,-46.6333,34,194575,39,44,8,NORMAL,10,2018-11-7,11,151792abd81a8c707f812299e401a6d5,1-85e884cf01000f615d4885aadd0f6008,3907
29,32,S,-23.55,-46.6333,25,193331,55,13,23,NORMAL,29,2018-12-9,59,151792abd81a8c707f812299e401bd80,1-470119143670fe4234a9824c43ad3277,3939
17,14,Campo Belo,-23.6188,-46.6823,40,24161,57,86,41,REABASTECER,2,2018-3-29,65,151792abd81a8c707f812299e40257bd,1-06b4e74b3cc10c092841546651e9179a,15209
22,17,Campo Belo,-23.6188,-46.6823,39,27014,41,71,38,NORMAL,40,2018-5-24,56,151792abd81a8c707f812299e402bfc0,1-28c7b6214ede4d830140bf677d40efe5,15264
14,7,S,-23.55,-46.6333,37,192770,40,11,10,REABASTECER,16,2019-6-17,38,151792abd81a8c707f812299e402d2eb,1-efb5a0ca9f1aee87313777d721a54e75,4127
9,43,Campo Belo,-23.6188,-46.6823,43,24330,52,32,5,NORMAL,13,2018-8-7,6,151792abd81a8c707f812299e402fa71,1-edd0e893c0c958b6c337c5fec7924151,15337
30,28,S,-23.55,-46.6333,43,194674,12,42,27,NORMAL,15,2019-10-7,59,151792abd81a8c707f812299e4032a84,1-12797618bebf7f7f6af873707ce35235,4237
35,22,S,-23.55,-46.6333,36,194578,15,40,1,REABASTECER,32,2019-11-6,41,151792abd81a8c707f812299e4035e56,1-61af3b0b8db78150e3c902a9bae93b9f,4266
14,3,Campo Belo,-23.6188,-46.6823,19,25110,65,26,12,REABASTECER,7,2018-12-3,52,151792abd81a8c707f812299e4037be8,1-dd2728d244a17465e8db2706a447ff1a,15453
31,37,Campo Belo,-23.6188,-46.6823,39,23278,29,57,28,NORMAL,19,2018-12-10,65,151792abd81a8c707f812299e40397e6,1-94f4d522a6f0a4b453d41fe228459dbf,15460
13,39,S,-23.55,-46.6333,35,192321,43,21,30,NORMAL,15,2019-12-23,65,151792abd81a8c707f812299e4039bb6,1-7749fb9be20d1c2b6174e19cc0c8d9f8,4313
39,13,Ana Rosa,-23.5813,-46.6383,5,64893,49,29,31,REABASTECER,14,2019-8-1,55,151792abd81a8c707f812299e403ce56,1-6b0294dbfb5f1ad97e348d5a90e6f533,12091
22,6,Brs,-23.5451,-46.6162,22,72941,58,63,11,NORMAL,30,2018-2-8,65,151792abd81a8c707f812299e403d92b,1-37e2ff679f247ad161cb5b4a00d35eab,4358
11,19,Ana Rosa,-23.5813,-46.6383,26,63775,65,34,14,NORMAL,22,2019-10-5,52,151792abd81a8c707f812299e4042ec3,1-5322f6a32fe30759a1b6e23c4bad741e,12155
13,15,Brs,-23.5451,-46.6162,12,73424,12,34,18,NORMAL,34,2018-4-1,32,151792abd81a8c707f812299e404391c,1-c213e23e10e0029852808df319641552,4411
24,43,Brs,-23.5451,-46.6162,26,72922,16,37,26,NORMAL,19,2018-7-4,59,151792abd81a8c707f812299e4046d93,1-45277bee51fb9f4847d5521430290637,4504
7,32,Campo Belo,-23.6188,-46.6823,23,25796,55,62,20,NORMAL,27,2019-7-14,12,151792abd81a8c707f812299e4047b5f,1-635ae86fd4225d13bb55cd03af093ab2,15674
24,43,Brs,-23.5451,-46.6162,32,71927,9,86,38,NORMAL,16,2018-8-29,37,151792abd81a8c707f812299e404c33f,1-9548be89ba4a6c98f031d28930e2906c,4559
38,33,Brs,-23.5451,-46.6162,27,71573,43,73,8,NORMAL,20,2018-9-17,44,151792abd81a8c707f812299e404c57b,1-836dac7717b3dc25b9270941f67376ea,4577
21,15,Brs,-23.5451,-46.6162,11,71329,18,37,37,NORMAL,43,2018-9-21,19,151792abd81a8c707f812299e404e3b8,1-833389bef78d6cad613a11f911b822fe,4581
31,43,So Joaquim,-23.5618,-46.6389,43,35962,10,33,10,NORMAL,25,2018-6-5,52,151792abd81a8c707f812299e404f84a,1-06438a1d43b6621508b24da4168f56b1,12395
27,17,So Joaquim,-23.5618,-46.6389,43,35922,24,73,21,NORMAL,20,2018-8-4,65,151792abd81a8c707f812299e40543e2,1-3969149d2b367e7a1b21ce5751472144,12454
43,27,So Joaquim,-23.5618,-46.6389,22,32882,40,64,35,REABASTECER,30,2018-8-12,7,151792abd81a8c707f812299e405470a,1-bd665c9de526c3dfc9c58b8f568c8e7e,12462
15,37,So Joaquim,-23.5618,-46.6389,37,36235,65,79,10,NORMAL,43,2018-8-20,15,151792abd81a8c707f812299e405690e,1-36a855aba94b2607ac6f2f749e74904a,12470
24,7,Eucaliptos,-23.61,-46.6686,35,21591,61,76,30,NORMAL,31,2018-4-10,60,151792abd81a8c707f812299e405ce26,1-9deb6356f21f47ffaaebe0094ed2e6ae,15940
43,30,Eucaliptos,-23.61,-46.6686,17,24864,26,16,4,NORMAL,5,2018-4-16,14,151792abd81a8c707f812299e405dcf7,1-dbe9a3c9bbc3953624c5f89ec05d5570,15946
28,43,Brs,-23.5451,-46.6162,37,71237,65,68,43,NORMAL,41,2019-7-23,38,151792abd81a8c707f812299e4061b1f,1-8344239d0b1954fb41e7c6c04eb250bd,4883
38,37,Eucaliptos,-23.61,-46.6686,12,23221,57,16,27,NORMAL,11,2018-9-20,56,151792abd81a8c707f812299e40672ba,1-ce411c28bf6eafb2b9447b2f4da54212,16100
19,14,So Joaquim,-23.5618,-46.6389,10,35251,13,57,16,NORMAL,21,2019-5-3,19,151792abd81a8c707f812299e40685fe,1-718f8ad154f642a41aed6b129b4e2d49,12723
15,16,Eucaliptos,-23.61,-46.6686,43,25383,40,86,24,NORMAL,19,2018-11-23,23,151792abd81a8c707f812299e4069918,1-11d85bd2473cf663c00c8736b5e37746,16163
4,43,So Joaquim,-23.5618,-46.6389,38,34361,26,2,26,NORMAL,25,2019-7-29,65,151792abd81a8c707f812299e406cdad,1-f2df420573756ecac48bb0c32c4b5bba,12809
37,30,So Joaquim,-23.5618,-46.6389,10,34262,4,20,11,NORMAL,12,2019-9-4,10,151792abd81a8c707f812299e406d820,1-f171686214ee46bb622cf5f69a6f9399,12844
28,38,Eucaliptos,-23.61,-46.6686,15,22736,31,70,13,NORMAL,43,2019-3-9,29,151792abd81a8c707f812299e406f2b3,1-ffff572e26157e0453c254fac1748ec5,16269
27,31,Barra Funda,-23.5542,-46.6707,25,148161,27,9,40,REABASTECER,40,2018-4-6,65,151792abd81a8c707f812299e40709ab,1-6c0147357303944c07a1080b35c3a035,5136
8,5,So Joaquim,-23.5618,-46.6389,18,36082,28,10,20,NORMAL,21,2019-10-12,55,151792abd81a8c707f812299e4071285,1-91b8096e17da3bc4e5dfcfad6cb545b1,12882
4,27,Eucaliptos,-23.61,-46.6686,7,23914,50,58,34,NORMAL,19,2019-4-6,36,151792abd81a8c707f812299e407263a,1-e1dea7d3ca433efaefc97e1fd49bbcc2,16296
32,21,Barra Funda,-23.5542,-46.6707,40,148322,62,44,22,NORMAL,29,2018-6-3,51,151792abd81a8c707f812299e4079025,1-3540de26f0ca4831981fc5133e7f4501,5193
43,43,Eucaliptos,-23.61,-46.6686,35,22243,65,75,37,NORMAL,43,2019-9-16,36,151792abd81a8c707f812299e407ec64,1-944a975755bfdc1a20e836bbc14aa1f3,16456
41,39,Barra Funda,-23.5542,-46.6707,11,146920,9,14,19,NORMAL,17,2018-10-11,36,151792abd81a8c707f812299e4081186,1-4e6fd3bc09853206dbf831ba6ecaa136,5321
7,25,So Judas,-23.6255,-46.6411,18,15181,22,71,11,NORMAL,37,2018-4-30,49,151792abd81a8c707f812299e408297b,1-d638530c2db4f183dcf2256aeec4a5ab,13080
32,42,So Judas,-23.6255,-46.6411,6,17500,65,73,10,REABASTECER,32,2018-6-24,65,151792abd81a8c707f812299e40872d7,1-4cf11dd861044fd3bbf27db96338a327,13134
10,29,Moema,-23.5489,-46.6388,37,18915,19,68,17,NORMAL,9,2018-1-30,61,151792abd81a8c707f812299e408c2ad,1-b64d162cfeef139695a88548d3ce83d4,16590
17,12,Barra Funda,-23.5542,-46.6707,36,148453,45,86,23,REABASTECER,7,2019-2-10,8,151792abd81a8c707f812299e408cb2c,1-864a42109a6caf6433778226bad74561,5440
3,19,Barra Funda,-23.5542,-46.6707,38,148117,26,46,9,NORMAL,43,2019-2-22,60,151792abd81a8c707f812299e408dac8,1-f783248342dfcc87ffe3acd8bd00e249,5452
16,12,Barra Funda,-23.5542,-46.6707,28,149015,10,70,23,NORMAL,22,2019-3-9,7,151792abd81a8c707f812299e408fe7e,1-39c7f89015113ae7e8c50ab4f6b26154,5469
3,9,Moema,-23.5489,-46.6388,35,18748,32,8,7,NORMAL,10,2018-3-2,13,151792abd81a8c707f812299e4091fc6,1-c2fdaf8c0f2640e8864e30fce55d15e0,16622
13,32,Moema,-23.5489,-46.6388,32,18591,65,16,27,NORMAL,28,2018-3-19,24,151792abd81a8c707f812299e4093e2e,1-f4e8b64e92151aa51b7e5c418f9aa9c5,16639
34,43,Barra Funda,-23.5542,-46.6707,16,150164,17,17,35,NORMAL,31,2019-4-8,65,151792abd81a8c707f812299e4095202,1-26356f576c62b769c5683c294a65becc,5498
43,39,So Judas,-23.6255,-46.6411,26,15247,56,57,7,NORMAL,15,2018-10-10,44,151792abd81a8c707f812299e4095d80,1-65358a9c5d64ea8c9323831bd1a44c05,13240
39,13,Moema,-23.5489,-46.6388,13,20563,34,21,13,REABASTECER,5,2018-7-30,41,151792abd81a8c707f812299e409bc27,1-71fb1ae451e5f3211c5b3bbce6d384cf,16770
11,12,Barra Funda,-23.5542,-46.6707,29,148431,31,32,10,NORMAL,31,2019-8-24,33,151792abd81a8c707f812299e409e62e,1-29f9c1abc262682f331eff0160ab6020,5634
33,24,So Judas,-23.6255,-46.6411,41,14157,4,23,17,REABASTECER,7,2019-3-8,18,151792abd81a8c707f812299e40a3a0f,1-4880b45a2109dd150854457390ad7545,13388
27,40,Moema,-23.5489,-46.6388,37,19362,65,33,34,NORMAL,20,2018-9-29,45,151792abd81a8c707f812299e40a4fe9,1-3ec75579d7759a1a74a18b083c12ac07,16829
21,29,Barra Funda,-23.5542,-46.6707,16,147483,41,28,38,NORMAL,40,2019-10-17,13,151792abd81a8c707f812299e40a764b,1-b1ace4dfc2f197de22291619fbf689c8,5687
29,8,So Judas,-23.6255,-46.6411,9,16077,65,61,16,NORMAL,38,2019-3-30,46,151792abd81a8c707f812299e40a8479,1-575e7fd02523f49592fbb584a743198d,13410
22,32,So Judas,-23.6255,-46.6411,21,13720,63,21,13,NORMAL,23,2019-4-23,20,151792abd81a8c707f812299e40a9efb,1-e21960014e846b825fe15fd6ef63d68e,13433
43,33,Hospital So Paulo,-23.5984,-46.6455,41,23934,61,67,35,NORMAL,26,2019-9-11,58,151792abd81a8c707f812299e40ad4c6,1-2133c1d3e890bcadc5d99d41541c9aaf,16907
40,29,Hospital So Paulo,-23.5984,-46.6455,38,24699,57,56,29,NORMAL,21,2019-9-12,48,151792abd81a8c707f812299e40ae6c9,1-170a3a44a4b466f3ec9b4eac19f7bc36,16908
39,30,Hospital So Paulo,-23.5984,-46.6455,32,24743,45,41,33,NORMAL,15,2019-9-23,45,151792abd81a8c707f812299e40aeaa6,1-75071b1576286b2e24d40ecd7748550f,16919
21,34,Hospital So Paulo,-23.5984,-46.6455,5,26367,65,77,3,NORMAL,34,2019-12-24,42,151792abd81a8c707f812299e40b334c,1-0ba3f98c83d87bd08f74cc5ca7e7f876,17010
7,14,Paraso,-23.57677,-46.63933,14,72385,28,79,22,NORMAL,5,2018-3-3,14,151792abd81a8c707f812299e40b8369,1-f17ed10567651426604b27fced659d06,63
19,40,So Judas,-23.6255,-46.6411,9,15029,65,54,4,NORMAL,21,2019-12-24,33,151792abd81a8c707f812299e40b924a,1-fc56a447332de8398b45f8dceedb94f0,13674
33,41,Tatuap,-23.5402,-46.5765,24,68008,44,2,39,NORMAL,22,2018-7-24,59,151792abd81a8c707f812299e40ba427,1-716a3f0d01ca32db577a6ed98420c472,5964
10,17,Vila Mariana,-23.5895,-46.6346,30,24015,21,86,6,NORMAL,11,2018-1-10,65,151792abd81a8c707f812299e40bb351,1-0256920b8c4617b462c8e4450e077840,13690
6,14,Tatuap,-23.5402,-46.5765,24,68025,24,53,19,NORMAL,43,2018-10-2,40,151792abd81a8c707f812299e40bfb14,1-dac413e4451887b731df97dfe7893e84,6032
16,43,Vila Mariana,-23.5895,-46.6346,8,22921,39,73,32,NORMAL,15,2018-4-20,25,151792abd81a8c707f812299e40c1f66,1-44f2b481272c5a124e8583fe84812de8,13790
43,30,Vila Mariana,-23.5895,-46.6346,39,21086,22,25,16,REABASTECER,5,2018-4-24,61,151792abd81a8c707f812299e40c2eac,1-c4707000327e67b5874f395871b27902,13794
28,16,Vila Mariana,-23.5895,-46.6346,28,24099,65,77,43,NORMAL,33,2018-4-28,28,151792abd81a8c707f812299e40c3c84,1-434d2db8c02531fb23a52d747d77628a,13798
37,40,Tatuap,-23.5402,-46.5765,36,67821,56,6,29,REABASTECER,40,2018-12-7,45,151792abd81a8c707f812299e40c4973,1-9c59ef71420376a790fec8ad3880ee45,6097
33,35,Tatuap,-23.5402,-46.5765,34,70819,52,86,27,NORMAL,36,2018-12-8,37,151792abd81a8c707f812299e40c57a1,1-45c9d65d95a43e55d42fb2e181e68517,6098
6,19,Tatuap,-23.5402,-46.5765,29,69484,25,79,41,REABASTECER,28,2019-2-3,55,151792abd81a8c707f812299e40ca1f6,1-de7cb45352b775209f0d331835b1635f,6153
32,38,Vila Mariana,-23.5895,-46.6346,11,23381,65,63,26,NORMAL,27,2018-7-22,55,151792abd81a8c707f812299e40cc022,1-5ae61b64f287335f9dd8a3f59b541c1a,13882
33,35,Tatuap,-23.5402,-46.5765,29,68181,38,37,43,NORMAL,21,2019-5-20,45,151792abd81a8c707f812299e40d1d55,1-588cdbd8b6a7099f850e2f1795b4f338,6260
8,20,Tatuap,-23.5402,-46.5765,5,68186,56,56,15,NORMAL,35,2019-5-27,65,151792abd81a8c707f812299e40d2bc4,1-cfefa8c7f754af2000ff4a194298142c,6267
11,26,Paraso,-23.57677,-46.63933,41,74071,19,70,32,NORMAL,38,2019-2-7,45,151792abd81a8c707f812299e40d3b64,1-73b447de5645f72f1828561501b13d91,397
7,15,Vila Mariana,-23.5895,-46.6346,14,21250,63,56,25,NORMAL,13,2018-11-24,12,151792abd81a8c707f812299e40d4fe1,1-55fb51ea815fdaa15459cb302914e18b,14004
24,29,Tatuap,-23.5402,-46.5765,36,68024,65,74,29,NORMAL,39,2019-10-3,33,151792abd81a8c707f812299e40da30e,1-ad77cfb41ce0c117604b8d568c270f77,6393
34,32,Vila Mariana,-23.5895,-46.6346,22,24286,47,38,26,NORMAL,37,2019-3-14,53,151792abd81a8c707f812299e40dac5e,1-fb62a601d0174785b4f56f90bc55ea14,14114
30,40,Tatuap,-23.5402,-46.5765,16,68352,65,4,41,REABASTECER,43,2019-11-15,24,151792abd81a8c707f812299e40dc97f,1-4c79b17a9032328685d5b0216343daf8,6435
3,24,Vila Mariana,-23.5895,-46.6346,4,24925,57,6,43,REABASTECER,9,2019-4-14,49,151792abd81a8c707f812299e40dca23,1-f52b785707bc6fc779d247d832636006,14144
11,6,Tatuap,-23.5402,-46.5765,13,70930,37,40,27,NORMAL,34,2019-11-29,50,151792abd81a8c707f812299e40dd9d1,1-a748fa2636b4f2dc920ac842e07cfee7,6449
29,23,Vila Mariana,-23.5895,-46.6346,27,24885,43,21,20,NORMAL,33,2019-4-29,56,151792abd81a8c707f812299e40de4ca,1-945e142703643ac9e525f04281aeb497,14159
33,40,Vila Mariana,-23.5895,-46.6346,32,23600,35,9,27,NORMAL,35,2019-5-9,49,151792abd81a8c707f812299e40df34a,1-a5317b41f71f19c91dfee70e956be7c0,14169
37,3,Repblica,-23.5436,-46.6434,4,109535,45,57,38,REABASTECER,35,2018-1-14,43,151792abd81a8c707f812299e40e36cc,1-134af91d9f0a9978f1ae3550fae3c174,6494
22,41,Vila Mariana,-23.5895,-46.6346,28,21578,12,1,31,REABASTECER,27,2019-6-24,58,151792abd81a8c707f812299e40e488a,1-78ed9e4ae761d7c8730a6dca08668c4e,14214
36,34,Repblica,-23.5436,-46.6434,43,110992,9,44,32,NORMAL,21,2018-4-23,30,151792abd81a8c707f812299e40e7fed,1-92888a5a4c10de37bd6527e604321c30,6593
43,29,Repblica,-23.5436,-46.6434,11,109732,65,86,22,NORMAL,19,2018-5-15,3,151792abd81a8c707f812299e40ea7f2,1-1cb752c10a00b07223ecf741c783a7cb,6615
12,43,Brigadeiro,-23.5683,-46.6482,22,49502,41,66,29,NORMAL,24,2018-2-9,65,151792abd81a8c707f812299e40ef8a7,1-f9f37c592a0d67d87d340746da33dc72,759
15,22,Brigadeiro,-23.5683,-46.6482,43,48955,47,20,33,NORMAL,31,2018-2-30,50,151792abd81a8c707f812299e40efcee,1-ad2b126763f015de5d46a696542938cc,780
13,6,Brigadeiro,-23.5683,-46.6482,36,49275,41,49,28,REABASTECER,30,2018-5-17,65,151792abd81a8c707f812299e40f42f0,1-ab4d4d03958ce8c995303549a5c562dd,857
36,25,Brooklin,-23.6263,-46.6878,12,26880,65,10,3,REABASTECER,20,2018-3-2,26,151792abd81a8c707f812299e40f6b31,1-4b16d04ee2a6ea4418299981b741af74,14462
21,10,Brooklin,-23.6263,-46.6878,14,26588,18,60,30,NORMAL,23,2018-6-7,48,151792abd81a8c707f812299e40fa25b,1-ac7f4674bf3f8e5733841db1383282a4,14557
40,28,Repblica,-23.5436,-46.6434,11,110625,35,44,40,NORMAL,9,2019-1-25,52,151792abd81a8c707f812299e40fbfd2,1-fc16177646ac0a475401e871af65bb44,6865
20,38,Brooklin,-23.6263,-46.6878,10,29863,18,22,34,NORMAL,39,2018-7-8,42,151792abd81a8c707f812299e40fc6d8,1-a64dcfae555318469dcfc570ef94bf8f,14588
38,10,Repblica,-23.5436,-46.6434,27,110627,24,12,41,REABASTECER,43,2019-2-17,40,151792abd81a8c707f812299e40fdc13,1-d698c2b0e11ca5a360578868ac96f07e,6887
23,24,Brooklin,-23.6263,-46.6878,26,26985,27,22,43,NORMAL,9,2018-7-16,53,151792abd81a8c707f812299e40fe46e,1-cdaab615ca9de2b93590ba430b67abf8,14596
29,39,Brigadeiro,-23.5683,-46.6482,17,48244,65,26,19,NORMAL,37,2018-11-9,58,151792abd81a8c707f812299e40ffb75,1-4736216cf16a4591af0d05e6d2510d97,1029
32,5,Brigadeiro,-23.5683,-46.6482,39,49467,52,61,17,NORMAL,37,2018-12-12,35,151792abd81a8c707f812299e4101af0,1-c926bd970f4de152c71ed4007281e804,1062
23,7,Repblica,-23.5436,-46.6434,40,109415,16,36,37,NORMAL,29,2019-4-24,28,151792abd81a8c707f812299e4103035,1-894012efb65ef3c1b31a86dacd09b46f,6954
7,38,Brooklin,-23.6263,-46.6878,43,28347,65,54,30,NORMAL,37,2018-9-24,25,151792abd81a8c707f812299e4104410,1-523e86efcb39bf022ff92e87d7d2ff21,14664
35,37,Brooklin,-23.6263,-46.6878,24,27441,31,53,38,NORMAL,15,2018-12-24,48,151792abd81a8c707f812299e410a218,1-06750d1dee11e6d3fe12e751eb577ebf,14754
37,30,Brooklin,-23.6263,-46.6878,15,28879,56,62,41,NORMAL,17,2019-2-5,13,151792abd81a8c707f812299e410bea9,1-1e5bbe5b19d52194c93672cfec17454e,14795
35,24,Brooklin,-23.6263,-46.6878,13,28881,52,54,37,NORMAL,14,2019-2-6,7,151792abd81a8c707f812299e410d22f,1-63839053c8a834a057cb30a9cf6f6cb2,14796
37,6,Repblica,-23.5436,-46.6434,25,110891,15,52,34,REABASTECER,8,2019-12-4,13,151792abd81a8c707f812299e4111dc8,1-7f16d5f3ae078a68f279314e9b607ae6,7174
27,19,Brigadeiro,-23.5683,-46.6482,20,49074,19,38,4,NORMAL,2,2019-8-22,47,151792abd81a8c707f812299e4114f1b,1-a720d30f99ede4d99b10a24edc529bab,1312
30,33,Brooklin,-23.6263,-46.6878,39,26529,28,50,43,NORMAL,11,2019-6-1,44,151792abd81a8c707f812299e41167e8,1-736bf95a11ea8a96041db514b6397ba8,14911
20,20,Brigadeiro,-23.5683,-46.6482,5,46385,7,77,38,REABASTECER,33,2019-9-6,17,151792abd81a8c707f812299e41169b5,1-d0c4f1f1d12353aad0f7d0adaca73e78,1326
43,21,Higienpolis-Mackenzie,-23.5488,-46.6519,41,90189,11,7,34,NORMAL,7,2018-2-13,26,151792abd81a8c707f812299e4118bd5,1-800355bc0807ab1f97197385399ada8f,7243
4,26,Brooklin,-23.6263,-46.6878,13,28531,34,79,34,REABASTECER,13,2019-9-4,19,151792abd81a8c707f812299e411cf9d,1-d4e9a189aa6a78d76f9ec3911fbf047f,15004
21,21,Brooklin,-23.6263,-46.6878,12,29351,40,86,14,NORMAL,27,2019-9-21,50,151792abd81a8c707f812299e411d4b7,1-2ae26d6047bf5dc4141ca7c436d6c2c5,15021
15,27,Brooklin,-23.6263,-46.6878,19,27921,30,50,6,REABASTECER,30,2019-10-3,27,151792abd81a8c707f812299e411f93f,1-0ed76d4a382eeb51c919c69828b68591,15033
36,36,Higienpolis-Mackenzie,-23.5488,-46.6519,15,89961,48,64,34,NORMAL,34,2018-7-13,51,151792abd81a8c707f812299e41255d0,1-6b3e9465cec29e8e90d9edfe378172f2,7393
7,43,Trianon-Masp,-23.5634,-46.6544,16,42790,47,55,40,NORMAL,23,2018-3-24,14,151792abd81a8c707f812299e41275e1,1-b51b127147c9992b47f32a8910f8ac2a,1524
41,19,Higienpolis-Mackenzie,-23.5488,-46.6519,32,91802,36,41,33,NORMAL,43,2018-10-20,28,151792abd81a8c707f812299e412f860,1-9cc981b30dbfee4ffe5230008e6d8584,7490
35,32,Higienpolis-Mackenzie,-23.5488,-46.6519,3,89596,21,67,7,NORMAL,25,2018-12-13,61,151792abd81a8c707f812299e41324a3,1-674ab916a35afbc842b75caa576c4495,7543
20,20,Higienpolis-Mackenzie,-23.5488,-46.6519,32,91646,57,28,33,NORMAL,11,2018-12-17,39,151792abd81a8c707f812299e413264e,1-7047cadedf8b148c19567147e85a8d49,7547
23,5,Campo Belo,-23.6188,-46.6823,24,23628,61,26,12,NORMAL,17,2018-8-16,14,151792abd81a8c707f812299e4139e89,1-18a289bbef33a2289ff0ec5be1f691ac,15346
40,43,Trianon-Masp,-23.5634,-46.6544,12,43592,29,6,34,REABASTECER,35,2018-12-15,26,151792abd81a8c707f812299e413daa5,1-0457ff93f62ebc989deaf31ffb2604a9,1785
17,30,Higienpolis-Mackenzie,-23.5488,-46.6519,12,90549,55,26,5,NORMAL,14,2019-6-21,29,151792abd81a8c707f812299e4140baf,1-a605e0504b28e3dd516e8ba0de1654af,7731
3,38,Trianon-Masp,-23.5634,-46.6544,29,44053,22,48,28,REABASTECER,12,2019-3-25,65,151792abd81a8c707f812299e4141d83,1-13378fa5f39a8fbd68a1b60a053f85a4,1885
36,8,Trianon-Masp,-23.5634,-46.6544,37,43720,47,54,5,NORMAL,43,2019-4-30,33,151792abd81a8c707f812299e41427e2,1-4e1169e1c03ea3307531f5c8af2f82bf,1920
19,17,Higienpolis-Mackenzie,-23.5488,-46.6519,27,91305,44,4,43,REABASTECER,32,2019-10-27,35,151792abd81a8c707f812299e4143e7f,1-c0d03b9a661902710a2cbff74b1a8f83,7857
3,27,Higienpolis-Mackenzie,-23.5488,-46.6519,29,93147,52,8,20,REABASTECER,20,2019-12-2,59,151792abd81a8c707f812299e414842b,1-2f7db9bf2fb7d8b321d85d739fa245b1,7892
34,21,Higienpolis-Mackenzie,-23.5488,-46.6519,15,92503,25,54,7,NORMAL,43,2019-12-6,30,151792abd81a8c707f812299e41484a5,1-f2019128de7784f1f5f08307a6591d06,7896
25,26,Trianon-Masp,-23.5634,-46.6544,23,43672,27,77,34,NORMAL,26,2019-7-29,54,151792abd81a8c707f812299e4149638,1-87cb2f0b50dcc73ddde6bf71cbd38fdc,2009
43,38,Campo Belo,-23.6188,-46.6823,7,26479,33,76,39,NORMAL,18,2019-4-30,14,151792abd81a8c707f812299e414a19e,1-6bf5917a8959981edc8115d25e484c98,15600
2,24,Campo Belo,-23.6188,-46.6823,31,26599,55,36,4,NORMAL,26,2019-6-2,46,151792abd81a8c707f812299e414ac0c,1-1f57be260b23ec766711d3d31a1dd9a8,15632
6,16,Trianon-Masp,-23.5634,-46.6544,10,44844,49,64,17,REABASTECER,20,2019-9-13,9,151792abd81a8c707f812299e414c44d,1-e970e99e36d23b4484287acb0bd5c289,2053
13,40,Trianon-Masp,-23.5634,-46.6544,21,44504,46,28,7,NORMAL,16,2019-10-4,56,151792abd81a8c707f812299e414d28c,1-ac3b232580a41cf0c24185b986b8345e,2074
7,32,Campo Belo,-23.6188,-46.6823,23,25796,55,62,20,NORMAL,27,2019-7-14,12,151792abd81a8c707f812299e414f5f8,1-635ae86fd4225d13bb55cd03af093ab2,15674
30,10,Campo Belo,-23.6188,-46.6823,43,26226,16,7,39,REABASTECER,4,2019-7-20,40,151792abd81a8c707f812299e41503b1,1-51484adf8b7dede854bad89994ee3779,15680
7,24,Consolao,-23.5581,-46.6606,22,112740,9,11,11,REABASTECER,11,2018-1-9,4,151792abd81a8c707f812299e4153411,1-97ff353832e1fac86b8c632fb9944da8,2169
3,28,Faria Lima,-23.5675,-46.6929,8,54631,13,54,10,NORMAL,25,2018-7-13,32,151792abd81a8c707f812299e4158ac8,1-26adb00323a657767df7c87d0f7e0cb1,8113
40,10,Consolao,-23.5581,-46.6606,21,112678,18,62,43,NORMAL,26,2018-3-22,40,151792abd81a8c707f812299e4159d45,1-4c2eebf3603bcb33d5fdd06600eff074,2242
6,38,Campo Belo,-23.6188,-46.6823,38,24426,60,86,28,NORMAL,31,2019-12-25,20,151792abd81a8c707f812299e415bd29,1-6967925390df670af9e2e58d13325e43,15835
10,34,Consolao,-23.5581,-46.6606,42,111808,14,20,7,NORMAL,25,2018-4-22,27,151792abd81a8c707f812299e415da3a,1-41faa134ca4d3cb1a9051e80f94ad0bb,2272
26,28,Eucaliptos,-23.61,-46.6686,23,25013,56,42,27,NORMAL,31,2018-1-15,40,151792abd81a8c707f812299e415da7c,1-44f870d383043df50a0ef56c2d3d28b6,15855
6,19,Faria Lima,-23.5675,-46.6929,43,53250,65,86,15,REABASTECER,25,2018-9-13,65,151792abd81a8c707f812299e415e391,1-fec98d0e79b16cee6ac64508789e887a,8173
27,20,Faria Lima,-23.5675,-46.6929,8,52119,49,86,38,NORMAL,16,2018-10-9,19,151792abd81a8c707f812299e4160d1b,1-43007397b7ed1d5f08cb4d918f6e8b00,8199
43,10,Eucaliptos,-23.61,-46.6686,36,22125,4,21,1,REABASTECER,6,2018-2-23,57,151792abd81a8c707f812299e41622b4,1-b453037380f44cc71aa1aa76b7b75b5d,15893
37,3,Consolao,-23.5581,-46.6606,25,115270,29,50,36,REABASTECER,21,2018-8-4,16,151792abd81a8c707f812299e416892c,1-6ea1ecbe50329e6e957badeb00fb33ba,2374
22,32,Eucaliptos,-23.61,-46.6686,20,25327,39,64,10,REABASTECER,6,2018-5-26,5,151792abd81a8c707f812299e416ad81,1-23dd90c7185dc80c767d948319992228,15986
43,25,Faria Lima,-23.5675,-46.6929,35,51915,16,27,31,NORMAL,25,2019-2-3,5,151792abd81a8c707f812299e416c1ba,1-583ac3be366ad066939c28484d295013,8313
12,37,Eucaliptos,-23.61,-46.6686,32,24685,39,50,22,NORMAL,39,2018-8-12,65,151792abd81a8c707f812299e416dbd1,1-3e0b447a9cd9f202474dddf6fb673774,16062
11,28,Faria Lima,-23.5675,-46.6929,13,52041,35,30,20,NORMAL,8,2019-7-7,59,151792abd81a8c707f812299e4172425,1-bd3d6531116c6a5cf6e290499f826b54,8467
17,16,Consolao,-23.5581,-46.6606,15,112835,21,69,25,REABASTECER,6,2019-2-20,55,151792abd81a8c707f812299e4172ae4,1-6997cc65adf70462e0c821c2e5691dea,2570
3,31,Faria Lima,-23.5675,-46.6929,8,52975,21,60,6,REABASTECER,29,2019-7-21,38,151792abd81a8c707f812299e4173dc4,1-986f41386e2c834f1c99842047fd11f4,8481
43,7,Consolao,-23.5581,-46.6606,37,114346,65,49,11,REABASTECER,9,2019-4-6,8,151792abd81a8c707f812299e4178a30,1-182fcf1f7d81625011894ce24fa04620,2616
22,13,Consolao,-23.5581,-46.6606,43,112349,28,56,37,NORMAL,37,2019-5-2,12,151792abd81a8c707f812299e417ac52,1-ae4a092c689bc11b0d05a5aa6f215fa0,2642
32,42,Eucaliptos,-23.61,-46.6686,36,22938,54,47,3,REABASTECER,4,2019-2-15,52,151792abd81a8c707f812299e417b7de,1-36756352930c0398628d94f963484038,16245
25,18,Faria Lima,-23.5675,-46.6929,43,53042,37,40,4,REABASTECER,5,2019-10-24,16,151792abd81a8c707f812299e417ce41,1-fff7512104c7171346ee79243d334175,8574
28,38,Eucaliptos,-23.61,-46.6686,15,22736,31,70,13,NORMAL,43,2019-3-9,29,151792abd81a8c707f812299e417e85c,1-ffff572e26157e0453c254fac1748ec5,16269
2,20,Eucaliptos,-23.61,-46.6686,33,24063,31,25,31,NORMAL,24,2019-4-27,7,151792abd81a8c707f812299e418162a,1-6831dea6f4d7b2eceab28b4a5dad73e8,16317
34,42,Eucaliptos,-23.61,-46.6686,33,25215,17,48,29,NORMAL,10,2019-6-2,33,151792abd81a8c707f812299e4183c69,1-612f65a79f3958b01a02db3dd0a08fa2,16352
5,43,Eucaliptos,-23.61,-46.6686,18,21653,21,40,43,NORMAL,26,2019-6-19,36,151792abd81a8c707f812299e41854d5,1-cf57b4953b9a421960d62de4ad9aed66,16369
43,30,Pinheiros,-23.5664,-46.703,43,78699,14,31,34,NORMAL,16,2018-4-4,13,151792abd81a8c707f812299e4189b8b,1-2bf486cde26101ce4efbc3723c978145,8734
22,9,Consolao,-23.5581,-46.6606,21,114430,46,86,15,NORMAL,38,2019-11-27,37,151792abd81a8c707f812299e418b215,1-053cb24082727eff78cfefb2d2f375e8,2847
26,21,Pinheiros,-23.5664,-46.703,18,77249,65,76,16,NORMAL,21,2018-5-22,11,151792abd81a8c707f812299e418d42f,1-f6cf696a098aee766f00601108e975d0,8782
39,38,Pinheiros,-23.5664,-46.703,37,78234,9,86,21,REABASTECER,35,2018-5-30,24,151792abd81a8c707f812299e418eee2,1-15d94665fe6d9715889242f5f314d557,8790
23,40,Eucaliptos,-23.61,-46.6686,36,23900,27,41,31,NORMAL,20,2019-10-26,34,151792abd81a8c707f812299e418f9c0,1-2fdabc0ad1acb24f1c4ae3e738f4e623,16496
22,24,Tamanduate,-23.59290,-46.5897,5,53197,7,26,43,NORMAL,43,2018-2-14,39,151792abd81a8c707f812299e418fe01,1-c2bae6df9da79d09b985957d120ea305,2924
24,43,Pinheiros,-23.5664,-46.703,16,77975,44,86,43,NORMAL,27,2018-8-10,29,151792abd81a8c707f812299e4192b95,1-e64f31c524ec4e6e26a407e96129c235,8860
37,23,Tamanduate,-23.59290,-46.5897,24,52050,49,33,11,REABASTECER,14,2018-4-26,6,151792abd81a8c707f812299e41983b8,1-7ef454bbbbb220e8da007f5ff5e21edd,2996
24,40,Moema,-23.5489,-46.6388,8,18087,44,24,37,NORMAL,22,2018-1-26,24,151792abd81a8c707f812299e4198901,1-8e6b455f742797b5871f415c0a1bbe6b,16586
15,32,Moema,-23.5489,-46.6388,40,20478,28,78,23,NORMAL,14,2018-1-29,65,151792abd81a8c707f812299e4199441,1-2eb18f38abed4d0b8abd04d2defe7600,16589
33,43,Pinheiros,-23.5664,-46.703,12,77065,29,10,34,NORMAL,11,2019-1-8,58,151792abd81a8c707f812299e419e19a,1-04b7f05714153c8a78bc38c478c2b57b,9008
11,25,Moema,-23.5489,-46.6388,20,17936,4,6,27,NORMAL,21,2018-5-13,24,151792abd81a8c707f812299e419ee84,1-9db771a2d7c91e9097aba0ad3ae0b1be,16693
17,43,Pinheiros,-23.5664,-46.703,4,76229,8,5,14,NORMAL,32,2019-2-4,3,151792abd81a8c707f812299e41a0fff,1-aff9901baeca04f9dbb0fcd68ab8e9e3,9034
7,8,Pinheiros,-23.5664,-46.703,41,78687,24,14,7,NORMAL,37,2019-4-24,39,151792abd81a8c707f812299e41a7d6c,1-046e8c3200902f8e511167a0ad269f2c,9114
26,23,Moema,-23.5489,-46.6388,27,19074,65,63,31,NORMAL,30,2018-9-8,56,151792abd81a8c707f812299e41a9d45,1-a393ca6d3b90dbdda8e20a360035f940,16808
39,36,Tamanduate,-23.59290,-46.5897,13,53106,35,12,2,REABASTECER,40,2019-1-22,65,151792abd81a8c707f812299e41ad35d,1-add17c83bd865364ce85b32a0effbedb,3262
20,6,Moema,-23.5489,-46.6388,27,17219,39,73,37,NORMAL,21,2018-11-25,52,151792abd81a8c707f812299e41ae0b9,1-0854d4a0b9a1ff6ce7b98b6c72b069ef,16885
34,11,Pinheiros,-23.5664,-46.703,30,77036,16,79,38,NORMAL,27,2019-8-4,58,151792abd81a8c707f812299e41af897,1-43d002a7994dbc06ca1a24a0d6a1e7b1,9214
9,25,Hospital So Paulo,-23.5984,-46.6455,13,25369,47,40,9,NORMAL,40,2019-10-10,6,151792abd81a8c707f812299e41b5517,1-5c10f9fdf44318acc53087772668f506,16936
21,34,Hospital So Paulo,-23.5984,-46.6455,5,26367,65,77,3,NORMAL,34,2019-12-24,42,151792abd81a8c707f812299e41bbce7,1-0ba3f98c83d87bd08f74cc5ca7e7f876,17010
40,21,Tamanduate,-23.59290,-46.5897,34,52917,28,29,30,NORMAL,18,2019-7-22,38,151792abd81a8c707f812299e41bbd3c,1-93a068e5643ca4f7b90604552d00129e,3442
18,41,Tamanduate,-23.59290,-46.5897,16,50107,52,15,43,NORMAL,26,2019-8-21,36,151792abd81a8c707f812299e41bd400,1-3ebfa44db6a1cd855dd02c00f42b95b2,3471
13,25,Butant,-23.5844,-46.7252,34,67737,6,38,43,REABASTECER,23,2018-4-5,65,151792abd81a8c707f812299e41c3a45,1-d35066d4546769973372a0f300fa483d,9455
28,35,Paraso,-23.57677,-46.63933,9,72902,56,38,32,NORMAL,12,2018-4-21,21,151792abd81a8c707f812299e41c3cab,1-aa17e1015411b42804436be55fe7b1bf,111
26,43,Butant,-23.5844,-46.7252,13,67452,39,54,13,NORMAL,36,2018-4-12,11,151792abd81a8c707f812299e41c4760,1-f7287b4bb431dac3baaef905d9e96dae,9462
8,19,Paraso,-23.57677,-46.63933,41,73663,18,50,43,NORMAL,25,2018-5-8,26,151792abd81a8c707f812299e41c4946,1-578370580b94f5bd2631be28663dff86,128
12,22,S,-23.55,-46.6333,16,194167,11,52,8,NORMAL,4,2018-1-21,55,151792abd81a8c707f812299e41ca1ea,1-c4109105f76f4092f206f4b4956d05da,3621
21,30,S,-23.55,-46.6333,4,191987,12,86,3,NORMAL,26,2018-2-23,22,151792abd81a8c707f812299e41cd26e,1-cf35d5266955e7a329f3fd66895656ac,3653
12,13,S,-23.55,-46.6333,41,194361,19,25,7,NORMAL,18,2018-3-25,26,151792abd81a8c707f812299e41d1956,1-e95bc56e7627431323f6612434048405,3685
1,5,Butant,-23.5844,-46.7252,32,64368,65,62,28,REABASTECER,38,2018-8-29,54,151792abd81a8c707f812299e41d1d5c,1-1a9c664d7d106db8b0ecfd75cc12efa5,9599
15,40,Butant,-23.5844,-46.7252,39,66176,42,86,28,NORMAL,22,2018-12-21,59,151792abd81a8c707f812299e41dba25,1-123c42381aea616c673eccc55154ffe6,9711
18,9,Paraso,-23.57677,-46.63933,33,73643,21,64,40,NORMAL,7,2019-2-27,23,151792abd81a8c707f812299e41de1c8,1-cc7da88d27e4a50ac42fc0e36828361c,417
11,34,Paraso,-23.57677,-46.63933,40,71320,36,58,29,NORMAL,43,2019-4-4,29,151792abd81a8c707f812299e41e0af0,1-7522ef6c645a9ab14d853d79848d1dd8,454
29,14,S,-23.55,-46.6333,43,194894,65,35,19,NORMAL,16,2018-11-17,11,151792abd81a8c707f812299e41e0d65,1-e16e7e05e94970389be746ef8c935bd1,3917
4,13,S,-23.55,-46.6333,7,192563,17,39,39,REABASTECER,43,2018-12-16,65,151792abd81a8c707f812299e41e3359,1-b669d4d6d300c186c712c45bba4d9cad,3946
16,15,Paraso,-23.57677,-46.63933,20,70274,59,64,4,NORMAL,37,2019-7-1,8,151792abd81a8c707f812299e41e67ed,1-a6ecaa8f92cbd3168eb0fde5274e3afe,541
43,37,Paraso,-23.57677,-46.63933,21,70839,50,86,31,NORMAL,21,2019-7-16,43,151792abd81a8c707f812299e41e7cba,1-3e64deb1800b3b279a91876b372a33f4,556
15,6,Butant,-23.5844,-46.7252,14,65431,36,36,43,NORMAL,25,2019-8-1,22,151792abd81a8c707f812299e41e8517,1-443b5fb4ac8f8d16859bf3ad1b7e912a,9931
43,13,Butant,-23.5844,-46.7252,32,64039,17,6,19,REABASTECER,34,2019-9-18,35,151792abd81a8c707f812299e41eb6ea,1-e3cb3904eb49827fd927f17e5f0250ba,9978
21,18,Paraso,-23.57677,-46.63933,29,74030,48,40,22,NORMAL,16,2019-10-4,18,151792abd81a8c707f812299e41ecb4e,1-7a0f93beaa7bf9d0038165ce340b66c4,634
34,26,S,-23.55,-46.6333,21,194207,45,73,43,REABASTECER,6,2019-8-13,39,151792abd81a8c707f812299e41f1275,1-8981679f988668594190c115fa0bac5e,4183
26,22,S,-23.55,-46.6333,35,193385,63,86,29,NORMAL,21,2019-11-20,11,151792abd81a8c707f812299e41f56d4,1-e2e9df096bf3b197cc2d0b1ea11c87ec,4280
22,6,Brs,-23.5451,-46.6162,22,72941,58,63,11,NORMAL,30,2018-2-8,65,151792abd81a8c707f812299e41f8f5f,1-37e2ff679f247ad161cb5b4a00d35eab,4358
20,18,Fradique Coutinho,-23.5661,-46.6841,29,33302,22,37,36,NORMAL,38,2018-7-12,56,151792abd81a8c707f812299e41f9abd,1-7c49cb78ba667a93f830f45a635d9c59,10272
37,27,Brigadeiro,-23.5683,-46.6482,1,47990,17,86,10,NORMAL,7,2018-7-24,55,151792abd81a8c707f812299e41fa20c,1-e2ae3fee848fef2bb809fa58744649b3,924
30,9,Fradique Coutinho,-23.5661,-46.6841,16,33420,56,41,6,REABASTECER,5,2018-7-30,65,151792abd81a8c707f812299e41fc0f7,1-159f066494e75f863329428cc44746a0,10290
20,30,Brigadeiro,-23.5683,-46.6482,33,49616,65,31,25,NORMAL,32,2018-8-9,26,151792abd81a8c707f812299e41fcd59,1-cf762db4875116ddb893e32c4f42c763,939
32,20,Fradique Coutinho,-23.5661,-46.6841,24,33639,58,33,13,REABASTECER,3,2018-8-10,65,151792abd81a8c707f812299e41fe237,1-635adb7db1dccc10c634bc8b5103decd,10300
30,42,Brigadeiro,-23.5683,-46.6482,34,47239,65,86,36,REABASTECER,26,2018-9-19,4,151792abd81a8c707f812299e4200c3b,1-660298f9772621a013950d79a93907bd,979
18,8,Fradique Coutinho,-23.5661,-46.6841,29,35507,62,36,11,REABASTECER,4,2018-9-24,24,151792abd81a8c707f812299e420240b,1-5a0f1338da77c01dc5f863acc81c28be,10344
34,31,Fradique Coutinho,-23.5661,-46.6841,27,33056,37,86,33,NORMAL,43,2018-10-24,10,151792abd81a8c707f812299e42057c0,1-db831e504bf5b9819dda20a3e4d5258a,10374
12,15,Brigadeiro,-23.5683,-46.6482,37,47864,31,79,41,NORMAL,14,2018-11-4,27,151792abd81a8c707f812299e4205a91,1-bc3b6f90e76ed9ec07224d217e38a1e0,1024
10,31,Fradique Coutinho,-23.5661,-46.6841,12,36272,2,25,8,REABASTECER,29,2018-11-11,23,151792abd81a8c707f812299e4208f82,1-7af06d5c705b3603b353e8034588a486,10391
21,39,Brigadeiro,-23.5683,-46.6482,33,48171,32,42,11,NORMAL,28,2018-12-14,17,151792abd81a8c707f812299e420b9e3,1-202957dbd4b48c820365f30da233e5d1,1064
34,30,Brs,-23.5451,-46.6162,10,71967,16,9,20,NORMAL,32,2018-7-23,4,151792abd81a8c707f812299e420e58f,1-a3a53d1a41447f961c3da3456c39fb24,4523
5,23,Brigadeiro,-23.5683,-46.6482,36,46600,6,47,41,NORMAL,15,2019-1-10,36,151792abd81a8c707f812299e420ecb1,1-6e71657dfaf193e7090f965c17982ed6,1090
18,21,Fradique Coutinho,-23.5661,-46.6841,10,33429,49,10,30,NORMAL,20,2019-5-20,36,151792abd81a8c707f812299e421c737,1-d7140aebc6301158434101f992549807,10580
24,34,Brs,-23.5451,-46.6162,37,71255,65,48,32,NORMAL,39,2019-4-19,37,151792abd81a8c707f812299e4228172,1-91dbf32f2e4cde16e2884c1fec120eb1,4789
41,26,Fradique Coutinho,-23.5661,-46.6841,5,35829,11,46,35,REABASTECER,37,2019-10-18,31,151792abd81a8c707f812299e4228247,1-fad02bb3443b9dbc2ef7885b923b3b32,10728
22,3,Fradique Coutinho,-23.5661,-46.6841,27,34690,49,63,13,REABASTECER,20,2019-10-24,55,151792abd81a8c707f812299e4228d8a,1-e6de54a1005245fe2d7c51100280f3bd,10734
15,24,Brs,-23.5451,-46.6162,30,73547,26,86,27,NORMAL,35,2019-5-20,20,151792abd81a8c707f812299e422aea4,1-aa990f8f05c00899cb77e2261918835a,4820
7,38,Fradique Coutinho,-23.5661,-46.6841,21,34933,46,9,5,REABASTECER,9,2019-11-8,6,151792abd81a8c707f812299e422c001,1-4bc61d1453e8ba34f9f13862ebd8f30d,10748
16,32,Trianon-Masp,-23.5634,-46.6544,23,45583,23,29,18,NORMAL,18,2018-1-7,15,151792abd81a8c707f812299e422fdce,1-58c6fa37e5cafca2d8bc85875658d5bd,1447
23,11,Brs,-23.5451,-46.6162,14,71764,65,48,4,REABASTECER,32,2019-8-4,37,151792abd81a8c707f812299e4230afc,1-cb915c5f8113cca12f406c4b4286e58c,4894
28,21,Trianon-Masp,-23.5634,-46.6544,13,42833,52,47,43,NORMAL,43,2018-1-23,47,151792abd81a8c707f812299e42316f0,1-7c099bc45fb6d0146731cdc1be408641,1463
11,12,Luz,-23.5365,-46.6332,31,123948,19,43,15,NORMAL,9,2018-2-9,65,151792abd81a8c707f812299e423395a,1-1e31afaf497e810d2f41979a0237c37c,10839
39,43,Brs,-23.5451,-46.6162,43,71045,7,73,15,REABASTECER,37,2019-9-15,1,151792abd81a8c707f812299e4233e43,1-ac4b8b5cc5ae71ca706c8c6ae19aca69,4935
34,39,Trianon-Masp,-23.5634,-46.6544,43,43264,22,15,19,NORMAL,10,2018-3-28,51,151792abd81a8c707f812299e42357a5,1-c2e72c7dbc003417d8a821efcb758277,1528
5,25,Trianon-Masp,-23.5634,-46.6544,22,45307,59,34,39,REABASTECER,27,2018-4-5,65,151792abd81a8c707f812299e423659d,1-c773e77512f45f5030029d8e3ba99238,1535
38,43,Trianon-Masp,-23.5634,-46.6544,30,44234,44,37,19,NORMAL,12,2018-4-30,18,151792abd81a8c707f812299e4237d12,1-23b62e9699ef2369ae393246b6e6096c,1560
43,21,Brs,-23.5451,-46.6162,18,72862,65,14,6,REABASTECER,19,2019-12-9,44,151792abd81a8c707f812299e423972e,1-fbfac321a9351f27a23d8ffba5d5ce8c,5019
31,13,Brs,-23.5451,-46.6162,13,72855,30,25,33,NORMAL,43,2019-12-25,11,151792abd81a8c707f812299e423a069,1-f8c35a77465ac12baa657951c6edbd08,5035
25,5,Brs,-23.5451,-46.6162,5,71439,16,11,29,NORMAL,37,2019-12-27,65,151792abd81a8c707f812299e423a688,1-f16675206e50204576e0b9c6893dcea2,5037
30,22,Trianon-Masp,-23.5634,-46.6544,5,43867,65,64,41,REABASTECER,7,2018-6-20,8,151792abd81a8c707f812299e423bda8,1-5d1426afc9da75e1125eb88dd075bc17,1610
11,32,Trianon-Masp,-23.5634,-46.6544,40,45768,60,46,9,NORMAL,30,2018-7-29,42,151792abd81a8c707f812299e423dc66,1-c550c64b33fb0f991487637e03640ac7,1649
29,26,Barra Funda,-23.5542,-46.6707,33,147655,14,33,36,NORMAL,29,2018-3-6,13,151792abd81a8c707f812299e4240676,1-75e97984e60535e6e676f72742d2ce4a,5106
27,43,Luz,-23.5365,-46.6332,16,124177,5,10,20,REABASTECER,32,2018-10-8,47,151792abd81a8c707f812299e4241d49,1-b14b82d70369506b9fa8a978bea3bd9b,11078
39,37,Trianon-Masp,-23.5634,-46.6544,32,43510,33,73,29,NORMAL,20,2018-10-6,28,151792abd81a8c707f812299e42427fe,1-b71062b750eec1cb1c9a40ee04c8ac8c,1716
8,43,Luz,-23.5365,-46.6332,9,126981,45,34,2,NORMAL,18,2018-10-23,28,151792abd81a8c707f812299e4243873,1-39a970c4db80a47a8b8143fdcc44c672,11093
12,39,Luz,-23.5365,-46.6332,29,127379,18,86,11,NORMAL,29,2018-11-23,12,151792abd81a8c707f812299e424503e,1-4a65b37a8fc644e2771f9a320733c2c4,11123
7,42,Barra Funda,-23.5542,-46.6707,15,149028,10,23,39,NORMAL,40,2018-6-22,48,151792abd81a8c707f812299e4245861,1-4c0e2bd839ba10b176d35d34bc31ccad,5212
30,22,Barra Funda,-23.5542,-46.6707,14,150389,19,22,30,NORMAL,14,2018-7-28,55,151792abd81a8c707f812299e4245a72,1-ec5eb0fc783be86fad3cc88cc672280d,5248
28,15,Barra Funda,-23.5542,-46.6707,7,149990,52,24,16,NORMAL,43,2018-9-12,15,151792abd81a8c707f812299e424a176,1-1a540c0646616aa3258c97f0b63c2974,5292
43,33,Barra Funda,-23.5542,-46.6707,33,146999,8,45,27,REABASTECER,18,2018-9-19,44,151792abd81a8c707f812299e424a51e,1-d25411ce3f2bc8d2f952d55821e053e0,5299
12,21,Luz,-23.5365,-46.6332,10,127167,7,77,43,REABASTECER,17,2019-3-28,50,151792abd81a8c707f812299e424d1a5,1-75bf4710b6bfbca61c5e99fb36e0dd11,11248
43,35,Barra Funda,-23.5542,-46.6707,20,146749,38,12,34,NORMAL,36,2018-11-10,50,151792abd81a8c707f812299e424e1ad,1-98961e5d4f01dddfc5ef86d570475d22,5350
16,30,Barra Funda,-23.5542,-46.6707,10,150326,16,24,19,NORMAL,21,2018-11-25,19,151792abd81a8c707f812299e424e85d,1-779750ff2ab0890d0d9119a197be1737,5365
7,37,Luz,-23.5365,-46.6332,15,126691,44,39,39,NORMAL,23,2019-6-23,20,151792abd81a8c707f812299e424fb26,1-acd0b4da9a0fb9d3c6ef568487fba764,11333
12,34,Barra Funda,-23.5542,-46.6707,17,148648,25,12,23,REABASTECER,8,2019-1-20,11,151792abd81a8c707f812299e4250870,1-7238659db3c0d9b14e0a7fabfe0deb9c,5420
18,36,Trianon-Masp,-23.5634,-46.6544,40,43081,30,86,22,NORMAL,15,2019-7-10,51,151792abd81a8c707f812299e4252fc0,1-c3308e235e6ea6e373cdbe021aaf5b02,1990
31,27,Trianon-Masp,-23.5634,-46.6544,28,43785,38,1,39,REABASTECER,31,2019-7-27,65,151792abd81a8c707f812299e4253d42,1-0eb0fe43f25b1904faafc5c032cadaea,2007
20,20,Barra Funda,-23.5542,-46.6707,6,148138,65,41,22,REABASTECER,21,2019-3-20,49,151792abd81a8c707f812299e4254d33,1-030880d398950ebd3558d04a3ffe9e6d,5480
9,19,Luz,-23.5365,-46.6332,25,126058,26,13,19,NORMAL,20,2019-9-8,13,151792abd81a8c707f812299e425686f,1-78f7f7f81f6a7f071c5dec1b3d6a40b9,11408
39,13,Trianon-Masp,-23.5634,-46.6544,28,43235,27,65,33,NORMAL,14,2019-10-28,20,151792abd81a8c707f812299e425b142,1-976835d1b3d0edd70f03c70fb75ddd4f,2098
15,23,Barra Funda,-23.5542,-46.6707,13,149822,30,29,38,NORMAL,4,2019-6-30,3,151792abd81a8c707f812299e425e349,1-20e947cc5249b6e41a4180e813e7dde2,5580
17,32,Ana Rosa,-23.5813,-46.6383,34,66553,36,33,18,NORMAL,18,2018-1-6,23,151792abd81a8c707f812299e425fbe8,1-437d212ed205731cb241ecdbba208f67,11526
13,26,Consolao,-23.5581,-46.6606,36,112194,32,6,36,REABASTECER,36,2018-2-6,10,151792abd81a8c707f812299e42625dc,1-328daa9c0a7094ef1a27614ed7a6dde9,2196
34,36,Tatuap,-23.5402,-46.5765,39,69662,49,64,38,NORMAL,32,2018-1-3,57,151792abd81a8c707f812299e426af7b,1-556ff2bb0411c5f04bb2f8c063f7e6d0,5763
43,15,Consolao,-23.5581,-46.6606,10,113489,17,22,37,NORMAL,25,2018-8-25,6,151792abd81a8c707f812299e42721f3,1-4bccb6e36b39ee0621136d11e67f693f,2395
36,24,Ana Rosa,-23.5813,-46.6383,5,64581,65,3,12,REABASTECER,6,2018-9-28,65,151792abd81a8c707f812299e427493c,1-01232534dea1c744c6015a7bfded3724,11788
4,6,Consolao,-23.5581,-46.6606,26,113079,62,86,43,REABASTECER,37,2018-10-28,29,151792abd81a8c707f812299e427735f,1-5ac81fa1dcfeeeca21f060f1f14f8a1b,2458
41,19,Ana Rosa,-23.5813,-46.6383,17,65003,26,65,33,NORMAL,36,2019-1-10,12,151792abd81a8c707f812299e427b8ff,1-6d129be35e49c399fd65452abb398680,11890
1,6,Consolao,-23.5581,-46.6606,22,113454,11,86,10,REABASTECER,21,2018-12-22,65,151792abd81a8c707f812299e427c9f1,1-a0c4b5b213a3363e8a3d0d89fd1dac4d,2512
20,17,Ana Rosa,-23.5813,-46.6383,24,66265,59,73,24,NORMAL,21,2019-2-6,23,151792abd81a8c707f812299e427da10,1-83ba35146aa19546efb9c427111f9840,11916
6,1,Ana Rosa,-23.5813,-46.6383,19,65571,53,86,7,REABASTECER,18,2019-5-5,65,151792abd81a8c707f812299e4285169,1-e92ce9d63868a35a9c56e0e94ae9c7ff,12005
22,13,Consolao,-23.5581,-46.6606,43,112349,28,56,37,NORMAL,37,2019-5-2,12,151792abd81a8c707f812299e4286b99,1-ae4a092c689bc11b0d05a5aa6f215fa0,2642
17,43,Consolao,-23.5581,-46.6606,17,113663,43,74,43,NORMAL,32,2019-6-13,42,151792abd81a8c707f812299e4289df0,1-6567e7cf18862fb5fe2b305d94e92c48,2683
16,13,Tatuap,-23.5402,-46.5765,22,67603,52,75,14,NORMAL,6,2019-2-20,10,151792abd81a8c707f812299e428b448,1-19233d1d99354cd164e09c5b0d901c55,6170
16,40,Ana Rosa,-23.5813,-46.6383,21,64467,3,24,43,REABASTECER,29,2019-8-20,60,151792abd81a8c707f812299e428c11d,1-c544107dda75a53599ea971b2f70e8b1,12110
39,15,Tatuap,-23.5402,-46.5765,19,69066,25,86,29,NORMAL,43,2019-4-2,59,151792abd81a8c707f812299e42900a0,1-93b126c6523b8e70d067633cd3b7b860,6212
39,17,Tatuap,-23.5402,-46.5765,21,67680,13,54,27,NORMAL,26,2019-4-15,39,151792abd81a8c707f812299e4291bd3,1-32fc83611a1bce0e53d1b146a8e53cec,6225
37,43,Ana Rosa,-23.5813,-46.6383,18,66244,43,77,43,NORMAL,43,2019-10-9,14,151792abd81a8c707f812299e42937ea,1-bee3e4a6f4f35966f02959aa66b0ff31,12159
36,32,Consolao,-23.5581,-46.6606,17,112921,2,86,8,REABASTECER,10,2019-9-19,51,151792abd81a8c707f812299e4293cf4,1-278e50f8ed85267fcacac976e1ef8fab,2779
26,27,Consolao,-23.5581,-46.6606,6,113193,56,67,43,REABASTECER,43,2019-9-21,36,151792abd81a8c707f812299e4294c49,1-d98a23d3272fa08f22d7a250e2b7ac31,2781
43,2,Ana Rosa,-23.5813,-46.6383,38,63791,57,77,43,NORMAL,15,2019-10-28,14,151792abd81a8c707f812299e4295766,1-3c6154139a19e90b1c4098ee4951edec,12178
34,17,Tatuap,-23.5402,-46.5765,12,67289,14,32,35,NORMAL,41,2019-6-25,61,151792abd81a8c707f812299e429ad03,1-8a644bf09a2ca909f70f05660fd9dbf7,6295
15,6,So Joaquim,-23.5618,-46.6389,5,36346,28,43,26,REABASTECER,9,2018-2-10,40,151792abd81a8c707f812299e429cfe3,1-52bb68551355a14771eb653161397601,12280
6,30,So Joaquim,-23.5618,-46.6389,11,32759,12,61,24,NORMAL,16,2018-3-24,65,151792abd81a8c707f812299e42a1b62,1-22f598516bbfada0d8fb3c808b5a6d94,12324
5,34,So Joaquim,-23.5618,-46.6389,31,34533,9,8,15,NORMAL,6,2018-4-17,46,151792abd81a8c707f812299e42a3d83,1-0e39dde73e77a9cad42ca4e229ad5b70,12347
43,24,Repblica,-23.5436,-46.6434,27,108700,34,46,37,NORMAL,34,2018-2-4,44,151792abd81a8c707f812299e42af6f2,1-05753763bae08ed760468552a6993b48,6514
30,22,So Joaquim,-23.5618,-46.6389,13,35124,20,10,27,REABASTECER,15,2018-8-27,25,151792abd81a8c707f812299e42b358f,1-e151bc30be4865a95d5adc9dbde1174a,12477
27,24,So Joaquim,-23.5618,-46.6389,39,33824,17,22,30,REABASTECER,6,2018-9-29,14,151792abd81a8c707f812299e42b59f1,1-6ece09fb0196bd5a15cdf42ce089bb00,12509
43,31,So Joaquim,-23.5618,-46.6389,38,35619,49,69,8,NORMAL,13,2018-12-29,57,151792abd81a8c707f812299e42bcc8e,1-c78ae503c640f96f156e7983a20f42c9,12599
5,38,Tamanduate,-23.59290,-46.5897,6,50540,51,51,11,REABASTECER,8,2019-1-9,19,151792abd81a8c707f812299e42becd9,1-866373b84d31cd1b73d578adfabff985,3249
27,35,Repblica,-23.5436,-46.6434,15,110757,58,86,32,NORMAL,3,2018-10-22,43,151792abd81a8c707f812299e42c15ee,1-c3535f57f4ff2e10eab440635e83211e,6772
23,21,So Joaquim,-23.5618,-46.6389,24,34309,9,53,16,NORMAL,18,2019-5-14,17,151792abd81a8c707f812299e42c4c43,1-b79f1e26c167ab05a3b494927222731a,12734
41,10,Repblica,-23.5436,-46.6434,31,108553,42,63,18,NORMAL,22,2018-11-29,23,151792abd81a8c707f812299e42c656a,1-53b0071cff845d3164cdafe167cb6030,6809
9,38,So Joaquim,-23.5618,-46.6389,27,33462,16,6,5,NORMAL,25,2019-6-6,65,151792abd81a8c707f812299e42c732b,1-667e870be55a439c7cfd828fabb92e47,12756
33,40,Tamanduate,-23.59290,-46.5897,40,50877,61,14,43,NORMAL,32,2019-5-22,17,151792abd81a8c707f812299e42c9280,1-94d4a80e3f40c967d8e3d0164392243e,3382
29,13,So Joaquim,-23.5618,-46.6389,23,34540,56,19,31,NORMAL,43,2019-11-8,61,151792abd81a8c707f812299e42d21d3,1-1b0deeceeeae4cd632ad46d0047c1e0d,12908
43,22,So Joaquim,-23.5618,-46.6389,43,35386,29,32,15,REABASTECER,2,2019-12-13,12,151792abd81a8c707f812299e42d651c,1-4986c92d4dee70bc1cc4b1f54c22d35b,12943
21,42,Tamanduate,-23.59290,-46.5897,9,53106,52,4,17,NORMAL,6,2019-10-6,45,151792abd81a8c707f812299e42d7520,1-ad16df7f303125de1211cdf61efa7073,3516
8,17,Repblica,-23.5436,-46.6434,6,110223,45,70,33,NORMAL,35,2019-7-9,17,151792abd81a8c707f812299e42d8085,1-553da08b3e304a7d65e8e0842daf0dfc,7029
38,15,Tamanduate,-23.59290,-46.5897,28,51683,65,86,27,REABASTECER,6,2019-12-8,6,151792abd81a8c707f812299e42db5fd,1-d098be7511ccdd5b87d490d43a0a67ca,3578
39,37,Repblica,-23.5436,-46.6434,18,109074,61,72,4,REABASTECER,6,2019-9-27,19,151792abd81a8c707f812299e42de9df,1-8592c03b1ca477718085499fab1593bd,7107
11,32,S,-23.55,-46.6333,24,191686,9,19,43,NORMAL,33,2018-2-3,31,151792abd81a8c707f812299e42dee8b,1-e24b5f2ba4272d6982b9c630bfbd5b68,3633
7,23,S,-23.55,-46.6333,41,194622,55,50,37,REABASTECER,12,2018-2-26,6,151792abd81a8c707f812299e42e10a3,1-fd17d7d0f873cc4c69f8be3574645fbf,3656
37,8,S,-23.55,-46.6333,14,191318,3,40,33,REABASTECER,3,2018-5-2,27,151792abd81a8c707f812299e42e4718,1-6ff9856e1d1265992351547a3a9c1659,3722
43,14,Higienpolis-Mackenzie,-23.5488,-46.6519,27,91890,2,20,31,NORMAL,2,2018-2-3,34,151792abd81a8c707f812299e42e50c0,1-a18577251e1f250d3b4eca6bc963cd75,7233
20,22,Higienpolis-Mackenzie,-23.5488,-46.6519,37,90563,34,9,16,REABASTECER,37,2018-2-30,52,151792abd81a8c707f812299e42e6001,1-4f6c9b979d5fcac63c8ad187fb0b2f7c,7260
35,5,S,-23.55,-46.6333,8,192834,39,86,4,REABASTECER,15,2018-7-26,16,151792abd81a8c707f812299e42e96fd,1-faf3a910a040be7f289f90e7e2ee3508,3806
15,22,Higienpolis-Mackenzie,-23.5488,-46.6519,27,92583,34,23,20,NORMAL,30,2018-4-21,49,151792abd81a8c707f812299e42e9cc8,1-43eb810b3ea8618218fc8b20429bd7da,7311
15,14,So Judas,-23.6255,-46.6411,39,15414,16,77,25,NORMAL,28,2018-12-20,19,151792abd81a8c707f812299e42ee913,1-5b87636d80745b9791f6ea1a4cf55bbc,13310
16,9,S,-23.55,-46.6333,8,194916,25,24,8,NORMAL,10,2018-10-4,42,151792abd81a8c707f812299e42eebab,1-e35dc2287e5c95c0ba8e7cd122caea2b,3874
17,23,So Judas,-23.6255,-46.6411,19,14415,23,71,19,NORMAL,23,2019-1-1,7,151792abd81a8c707f812299e42efe68,1-810120e0fb82906a75e2fcb7db87fd1f,13321
15,22,Higienpolis-Mackenzie,-23.5488,-46.6519,27,89696,14,66,23,NORMAL,15,2018-11-6,58,151792abd81a8c707f812299e42f7d91,1-af934d4e2f058c6e68fb141570ee8342,7506
11,14,Higienpolis-Mackenzie,-23.5488,-46.6519,22,90587,47,6,26,REABASTECER,43,2018-12-19,22,151792abd81a8c707f812299e42fc59f,1-290d4be472cf53bb6c912792a134f397,7549
19,43,S,-23.55,-46.6333,30,193933,47,40,25,NORMAL,40,2019-4-23,51,151792abd81a8c707f812299e42fc85f,1-a74afe5f73d9e6781d28a2e9b425ceaf,4073
25,19,S,-23.55,-46.6333,12,195144,55,55,32,REABASTECER,3,2019-5-1,58,151792abd81a8c707f812299e42fd7d2,1-96faf9ee34b0754b680800baeb275d35,4081
39,32,Higienpolis-Mackenzie,-23.5488,-46.6519,26,92099,55,56,10,NORMAL,9,2019-3-30,65,151792abd81a8c707f812299e4301962,1-4cd3779cfa3c932c94104e6192216da2,7650
38,36,S,-23.55,-46.6333,40,193477,25,9,39,NORMAL,43,2019-7-13,42,151792abd81a8c707f812299e4301e78,1-96994fcb19e48369baec7ac3ad0ff51f,4153
4,20,Higienpolis-Mackenzie,-23.5488,-46.6519,29,90518,51,4,30,REABASTECER,14,2019-8-24,37,151792abd81a8c707f812299e430939f,1-b54a8f598e5e964d8f1bccdda78f4932,7794
6,4,Vila Mariana,-23.5895,-46.6346,9,23629,48,48,31,REABASTECER,4,2018-3-8,57,151792abd81a8c707f812299e4309e47,1-f38d64949fa6ccaa69ae7d771397f6e6,13748
32,41,Vila Mariana,-23.5895,-46.6346,12,23248,27,86,18,NORMAL,31,2018-3-22,24,151792abd81a8c707f812299e430b793,1-35eafd1372590d7ef1b2b7ca324627ac,13762
3,9,Brs,-23.5451,-46.6162,13,73969,19,86,7,REABASTECER,8,2018-1-10,65,151792abd81a8c707f812299e430c00e,1-254a4d9003aee2ea40c34f6c7f9b8a70,4330
24,36,Brs,-23.5451,-46.6162,42,74034,49,32,30,NORMAL,26,2018-1-15,32,151792abd81a8c707f812299e430e20d,1-844054bf9a749633979dcc83f1787f69,4335
4,15,Higienpolis-Mackenzie,-23.5488,-46.6519,21,92947,37,34,32,NORMAL,23,2019-11-21,60,151792abd81a8c707f812299e43106a1,1-5bc94072c57a4e5d150a5b58621b3b02,7881
38,11,Higienpolis-Mackenzie,-23.5488,-46.6519,16,89604,29,11,21,REABASTECER,13,2019-11-23,51,151792abd81a8c707f812299e4310a61,1-1e4f2878d9a53620c9ad6811704b3a19,7883
19,37,Brs,-23.5451,-46.6162,38,72885,2,79,13,NORMAL,23,2018-3-10,48,151792abd81a8c707f812299e43115bc,1-1026618333ade7d138dcb1657f9bda59,4390
38,4,Brs,-23.5451,-46.6162,34,73529,52,75,41,REABASTECER,14,2018-4-6,65,151792abd81a8c707f812299e4312ba4,1-b79811614c42b0a7060e6fbdf703dce5,4416
13,22,Vila Mariana,-23.5895,-46.6346,37,24814,41,14,12,NORMAL,4,2018-7-27,24,151792abd81a8c707f812299e4314d10,1-98dbef16b1986375157ed6e9aa378df0,13887
17,32,Vila Mariana,-23.5895,-46.6346,12,22749,56,29,25,NORMAL,13,2018-8-5,33,151792abd81a8c707f812299e4315aea,1-1db0775a69fd9ee9d7d6c9e2a60026e4,13895
34,40,Brs,-23.5451,-46.6162,29,73607,30,30,43,NORMAL,43,2018-5-19,29,151792abd81a8c707f812299e43173d2,1-26d6d22507112b3e72e8b0564bb20bc2,4459
38,14,Faria Lima,-23.5675,-46.6929,16,54543,31,20,17,NORMAL,37,2018-2-23,33,151792abd81a8c707f812299e4319101,1-a08ffa526d67170d71eabd68729f0d26,7973
24,30,Faria Lima,-23.5675,-46.6929,23,52098,14,40,23,NORMAL,17,2018-4-3,20,151792abd81a8c707f812299e431c7e6,1-bf041758ea02f7b056f237f7a6929dbc,8013
43,11,Vila Mariana,-23.5895,-46.6346,9,21105,49,37,19,REABASTECER,1,2018-11-26,65,151792abd81a8c707f812299e4320078,1-58214edb2ebd29111bab763a14cdb377,14006
22,12,Brs,-23.5451,-46.6162,12,72888,42,55,22,REABASTECER,6,2018-11-2,5,151792abd81a8c707f812299e43250e6,1-a9b17892c8f94624aa139cde76a0974b,4622
33,20,Brs,-23.5451,-46.6162,40,74368,65,44,3,NORMAL,8,2018-12-10,16,151792abd81a8c707f812299e4328478,1-574e2896fabd9f3a06f1966dbbc08584,4660
5,15,Vila Mariana,-23.5895,-46.6346,19,21999,56,11,43,REABASTECER,8,2019-5-27,51,151792abd81a8c707f812299e432a58c,1-62def0c7c11b181676ca918faae26229,14187
26,43,Vila Mariana,-23.5895,-46.6346,30,24461,20,14,34,NORMAL,30,2019-6-23,65,151792abd81a8c707f812299e432d8f3,1-556ef2ca2b3b5c5cc23ff70bd30eb968,14213
11,34,Faria Lima,-23.5675,-46.6929,7,54988,40,73,39,NORMAL,39,2019-3-3,59,151792abd81a8c707f812299e43367b7,1-bad67145f00863d5762b834fea0333dc,8343
3,29,Faria Lima,-23.5675,-46.6929,43,54955,28,55,34,REABASTECER,29,2019-3-5,43,151792abd81a8c707f812299e4337c54,1-c5754acd7548306a1fb62e8607cd0885,8345
43,8,Faria Lima,-23.5675,-46.6929,24,54265,65,42,22,NORMAL,9,2019-5-3,20,151792abd81a8c707f812299e433aac5,1-34bd1be076b074c8c1dfdeaa65836ca6,8403
26,32,Vila Mariana,-23.5895,-46.6346,36,24487,59,51,26,NORMAL,27,2019-11-19,65,151792abd81a8c707f812299e433ba9c,1-2c5605c2a2987393b84707bbb9f45dad,14359
17,19,Brs,-23.5451,-46.6162,22,70560,34,38,31,NORMAL,11,2019-9-10,37,151792abd81a8c707f812299e433ef79,1-f5a15f2592a2817e363429dbc7c7183d,4930
32,12,Brs,-23.5451,-46.6162,43,71919,53,16,6,REABASTECER,31,2019-9-28,52,151792abd81a8c707f812299e4342063,1-d9199136658bbc56223e4516893acb69,4948
40,23,Brooklin,-23.6263,-46.6878,37,26319,6,59,19,NORMAL,27,2018-4-4,56,151792abd81a8c707f812299e4348fd9,1-e686c314f870dbc233b9339e5454feb4,14494
22,8,Brooklin,-23.6263,-46.6878,29,26473,49,30,10,NORMAL,19,2018-4-7,29,151792abd81a8c707f812299e4349b9a,1-73fa8508533dd7cb1f9804fa65a41fe8,14497
32,31,Barra Funda,-23.5542,-46.6707,33,148220,17,42,38,NORMAL,32,2018-3-5,18,151792abd81a8c707f812299e434e98f,1-604070946d8eb8eaf2db54d10a4b1503,5105
13,16,Brooklin,-23.6263,-46.6878,14,27459,14,79,31,NORMAL,40,2018-7-19,25,151792abd81a8c707f812299e4351a25,1-5b98aaf41b391317bf61285f215deb33,14599
13,5,Pinheiros,-23.5664,-46.703,37,76126,44,28,6,REABASTECER,30,2018-2-28,65,151792abd81a8c707f812299e4354de7,1-6046753a69b308647d8a054612e5371f,8698
7,42,Barra Funda,-23.5542,-46.6707,15,149028,10,23,39,NORMAL,40,2018-6-22,48,151792abd81a8c707f812299e4356431,1-4c0e2bd839ba10b176d35d34bc31ccad,5212
40,35,Barra Funda,-23.5542,-46.6707,21,150341,14,58,32,NORMAL,16,2018-9-8,41,151792abd81a8c707f812299e435a00e,1-1d80d02a6cf26969d1490c0f2a5d9138,5288
43,35,Barra Funda,-23.5542,-46.6707,20,146749,38,12,34,NORMAL,36,2018-11-10,50,151792abd81a8c707f812299e435c781,1-98961e5d4f01dddfc5ef86d570475d22,5350
11,43,Pinheiros,-23.5664,-46.703,4,78774,14,41,21,NORMAL,11,2018-8-25,51,151792abd81a8c707f812299e435c7b6,1-417993fa7c608a95baa5e6256723f053,8875
30,20,Barra Funda,-23.5542,-46.6707,8,148829,46,63,27,NORMAL,32,2018-12-25,65,151792abd81a8c707f812299e43605cd,1-a1da5dfc0a7573730def6df61ab675cb,5395
13,29,Brooklin,-23.6263,-46.6878,19,28666,61,1,40,NORMAL,20,2019-4-21,46,151792abd81a8c707f812299e4360c28,1-ff429f1e3f9cb02a1354bb991c05cd1d,14871
37,41,Pinheiros,-23.5664,-46.703,11,78980,10,56,10,NORMAL,43,2018-10-15,51,151792abd81a8c707f812299e4361146,1-f7eb3a8982dc883f142938beefdf82c3,8925
41,17,Barra Funda,-23.5542,-46.6707,3,147927,11,58,7,REABASTECER,34,2019-1-24,52,151792abd81a8c707f812299e4363e77,1-1fd5e80f86c85488d9c0ab53f03aba21,5424
8,27,Brooklin,-23.6263,-46.6878,16,29595,43,42,6,REABASTECER,20,2019-6-19,42,151792abd81a8c707f812299e4366ea8,1-068c7dfef3ca243e26fdeb080662518d,14929
31,35,Barra Funda,-23.5542,-46.6707,30,150092,8,39,35,REABASTECER,34,2019-3-28,6,151792abd81a8c707f812299e4368cf4,1-7537b627d370afac6672917329731937,5488
35,12,Pinheiros,-23.5664,-46.703,25,77596,28,67,32,NORMAL,8,2019-1-19,56,151792abd81a8c707f812299e4368f3d,1-cfb084507ffda3ab90a681ee7021d72a,9019
28,10,Pinheiros,-23.5664,-46.703,19,77698,27,37,22,REABASTECER,6,2019-2-1,29,151792abd81a8c707f812299e436a607,1-38ff5b998494f68ffe442d41970677a8,9031
5,36,Barra Funda,-23.5542,-46.6707,28,148462,13,31,31,REABASTECER,6,2019-6-1,12,151792abd81a8c707f812299e436d58a,1-6c8585cf3c99f6b3bbf06c85a7529c24,5551
30,32,Brooklin,-23.6263,-46.6878,30,29655,61,45,29,NORMAL,43,2019-11-1,32,151792abd81a8c707f812299e4370645,1-8a73142cfbdbf182977df40f74986a90,15061
17,30,Brooklin,-23.6263,-46.6878,32,28325,11,56,10,NORMAL,20,2019-11-17,55,151792abd81a8c707f812299e4370b66,1-949194775f64ee55f44fbc73fb77a747,15077
34,33,Barra Funda,-23.5542,-46.6707,10,149685,4,14,33,REABASTECER,21,2019-8-17,13,151792abd81a8c707f812299e4372351,1-3aa151423250cdafbb6f11069d51c725,5627
7,34,Barra Funda,-23.5542,-46.6707,17,147255,29,58,31,NORMAL,23,2019-9-17,23,151792abd81a8c707f812299e43758dd,1-ef15a745d67ed48e94899dabe0e0e54c,5657
15,14,Campo Belo,-23.6188,-46.6823,43,24083,36,64,19,NORMAL,21,2018-1-29,17,151792abd81a8c707f812299e4376147,1-5d7c73f903fcd973ca0869bf681f6344,15149
41,30,Barra Funda,-23.5542,-46.6707,8,150299,23,36,20,NORMAL,13,2019-11-3,29,151792abd81a8c707f812299e43768dc,1-2a363ad517b9ee0a363c0eed37b01ac9,5703
15,25,Pinheiros,-23.5664,-46.703,15,78254,42,86,15,NORMAL,43,2019-8-21,65,151792abd81a8c707f812299e4376e27,1-e9665af30e74d95fc399b31757dd01c9,9231
14,32,Campo Belo,-23.6188,-46.6823,26,25137,65,86,43,NORMAL,43,2018-3-19,65,151792abd81a8c707f812299e43777fc,1-cc587084394e41df7a37ef0706431ae6,15199
36,30,Tatuap,-23.5402,-46.5765,37,67697,53,47,43,NORMAL,38,2018-1-22,50,151792abd81a8c707f812299e4379bcd,1-65723de6e9108fa6628c4a3a998fa314,5782
43,12,Butant,-23.5844,-46.7252,37,66827,58,86,35,NORMAL,8,2018-2-16,11,151792abd81a8c707f812299e4380e33,1-b8a4cc530b584db54b9d6217e28ea247,9406
39,24,Tatuap,-23.5402,-46.5765,25,69787,8,56,15,REABASTECER,35,2018-7-1,15,151792abd81a8c707f812299e4385427,1-66efdd788e62746bd4a98cb9e8be0e71,5941
5,16,Campo Belo,-23.6188,-46.6823,28,24166,27,3,33,REABASTECER,40,2018-11-17,34,151792abd81a8c707f812299e438687a,1-61542e151fde1a32f9b6d54d57756ec3,15437
19,11,Butant,-23.5844,-46.7252,27,66829,14,37,1,NORMAL,18,2018-8-2,31,151792abd81a8c707f812299e438d175,1-ee8a89c744d9ebf464674bac1e0023d5,9572
43,38,Campo Belo,-23.6188,-46.6823,20,23569,41,42,35,NORMAL,18,2019-2-25,55,151792abd81a8c707f812299e438da3e,1-54db7a81a6802ae71031e7080ce72389,15535
32,2,Butant,-23.5844,-46.7252,26,64316,15,47,39,NORMAL,39,2018-10-13,15,151792abd81a8c707f812299e4392368,1-6181fae61ab109eb97f39fe4fca814d7,9643
34,16,Campo Belo,-23.6188,-46.6823,43,24568,20,14,43,NORMAL,7,2019-7-19,50,151792abd81a8c707f812299e43988f8,1-dfe8385af88b10be24b087c38f7978dd,15679
9,26,Butant,-23.5844,-46.7252,6,64490,31,12,43,REABASTECER,24,2019-4-26,65,151792abd81a8c707f812299e43a0500,1-292afa80c1f4a41a67a03409e34bb2a2,9836
4,17,Tatuap,-23.5402,-46.5765,43,67100,42,70,39,REABASTECER,12,2019-8-7,17,151792abd81a8c707f812299e43a24e6,1-8945085b924969dcdadb96ea730b5d0f,6337
28,18,Tatuap,-23.5402,-46.5765,39,67491,14,14,29,NORMAL,34,2019-9-2,59,151792abd81a8c707f812299e43a4ed4,1-c1e54b5397716a293480f21267ad324b,6362
15,13,Butant,-23.5844,-46.7252,5,65224,39,8,37,REABASTECER,27,2019-8-22,22,151792abd81a8c707f812299e43aa834,1-50d4e89327a9ffa898128d34378099af,9952
5,6,Tatuap,-23.5402,-46.5765,5,67355,18,86,17,REABASTECER,24,2019-12-12,22,151792abd81a8c707f812299e43ac4d1,1-4116e73354b297ebcb12dfc82a949531,6462
10,10,Tatuap,-23.5402,-46.5765,20,70910,9,79,25,REABASTECER,25,2019-12-22,27,151792abd81a8c707f812299e43ae733,1-92691f521a9dd26e24ed97bfad8c90e1,6472
28,4,Eucaliptos,-23.61,-46.6686,43,22563,63,51,23,REABASTECER,23,2018-6-14,21,151792abd81a8c707f812299e43b4b47,1-61937269425c87007d9b70a1bd479e41,16004
34,33,Eucaliptos,-23.61,-46.6686,17,23092,51,86,4,REABASTECER,26,2018-7-5,4,151792abd81a8c707f812299e43b5c9c,1-38b6012d72622f65ac6e9de65811816c,16025
22,7,Butant,-23.5844,-46.7252,39,66038,27,27,37,NORMAL,26,2019-12-26,26,151792abd81a8c707f812299e43b66a9,1-5fa9d0ab77eae878611912ed59cdfc69,10076
32,10,Repblica,-23.5436,-46.6434,9,107493,15,15,28,REABASTECER,20,2018-3-19,4,151792abd81a8c707f812299e43b762a,1-0ae6d99d149810d7a7431da4df041641,6559
16,42,Repblica,-23.5436,-46.6434,43,109342,61,66,12,REABASTECER,6,2018-3-23,43,151792abd81a8c707f812299e43b7bc3,1-44bc359b2c7198392fcf0b298099fdf4,6563
32,15,Eucaliptos,-23.61,-46.6686,21,24588,17,69,43,NORMAL,29,2018-10-28,55,151792abd81a8c707f812299e43be1be,1-d5ab7d283a5ca5162886e97f24b3ecfb,16138
6,23,Fradique Coutinho,-23.5661,-46.6841,19,36353,53,53,9,REABASTECER,38,2018-5-7,32,151792abd81a8c707f812299e43c0059,1-ee4cf91bff680d648ebc4a903327e6c9,10207
43,38,Repblica,-23.5436,-46.6434,17,110285,33,86,9,NORMAL,29,2018-9-25,46,151792abd81a8c707f812299e43c4228,1-a5cd5a06db111d996b91d2a8adbae1ca,6745
15,16,Fradique Coutinho,-23.5661,-46.6841,29,34429,14,29,31,NORMAL,36,2018-7-13,49,151792abd81a8c707f812299e43c5dc2,1-976154df53bd85ba4e41787c052b82e8,10273
21,6,Fradique Coutinho,-23.5661,-46.6841,17,35786,45,86,43,NORMAL,31,2018-8-13,46,151792abd81a8c707f812299e43c7f96,1-9264340b5604bb2c82aada8308df2ade,10303
16,6,Fradique Coutinho,-23.5661,-46.6841,27,35100,47,65,38,NORMAL,38,2018-8-24,31,151792abd81a8c707f812299e43c8c48,1-fd4e535e5a74614b7a0ebd0a133fb661,10314
7,19,Eucaliptos,-23.61,-46.6686,43,21873,39,73,30,NORMAL,24,2019-3-26,32,151792abd81a8c707f812299e43c9a56,1-2d3af6023243d7328e632172363997f2,16286
14,43,Fradique Coutinho,-23.5661,-46.6841,24,34830,43,74,6,REABASTECER,26,2018-10-8,61,151792abd81a8c707f812299e43cb039,1-c834130b0a737a838d18946d3ddd2ccb,10358
40,28,Repblica,-23.5436,-46.6434,11,110625,35,44,40,NORMAL,9,2019-1-25,52,151792abd81a8c707f812299e43cc7ac,1-fc16177646ac0a475401e871af65bb44,6865
7,28,Fradique Coutinho,-23.5661,-46.6841,6,33449,65,12,6,NORMAL,25,2018-11-12,13,151792abd81a8c707f812299e43ccede,1-1c30881520a28ddaa7f4118129d413d1,10392
41,19,Fradique Coutinho,-23.5661,-46.6841,33,35588,36,18,26,NORMAL,29,2019-1-18,65,151792abd81a8c707f812299e43d3d3b,1-c3f8f162950b310743d8a9d94149250e,10458
8,23,Repblica,-23.5436,-46.6434,1,108150,28,1,34,REABASTECER,33,2019-5-6,6,151792abd81a8c707f812299e43d4e0a,1-c22ad12b1e15dcc12e749a10859ae90d,6966
23,10,Repblica,-23.5436,-46.6434,23,107399,58,17,10,NORMAL,43,2019-5-23,14,151792abd81a8c707f812299e43d71d2,1-0f9df69195ad74671c58978ac9812f0f,6983
16,28,Eucaliptos,-23.61,-46.6686,29,22264,59,37,23,NORMAL,13,2019-10-17,27,151792abd81a8c707f812299e43d7f54,1-cae317172ebfa2a774ff316ee2fbfa14,16487
16,21,Eucaliptos,-23.61,-46.6686,16,22222,62,45,12,NORMAL,38,2019-12-2,48,151792abd81a8c707f812299e43db49a,1-c898334aa12164e7316379579ca04854,16532
19,34,Eucaliptos,-23.61,-46.6686,23,24532,38,26,7,NORMAL,35,2019-12-13,36,151792abd81a8c707f812299e43dbc49,1-e1cb8c72448bb11076cadfe806ac3140,16543
43,17,Eucaliptos,-23.61,-46.6686,6,25183,10,72,32,REABASTECER,19,2019-12-18,65,151792abd81a8c707f812299e43dc2af,1-07fb25f85d1bcd69df4274a31e21cd05,16548
17,43,Moema,-23.5489,-46.6388,16,18207,35,64,24,NORMAL,10,2018-2-9,61,151792abd81a8c707f812299e43df586,1-355eb324266fa0ef68963b24a9c10502,16599
40,3,Repblica,-23.5436,-46.6434,22,110996,46,26,43,REABASTECER,43,2019-10-20,3,151792abd81a8c707f812299e43e1394,1-a849f5ab94c799a4aab073547b393dc0,7130
3,11,Moema,-23.5489,-46.6388,31,18845,36,13,39,REABASTECER,6,2018-4-16,30,151792abd81a8c707f812299e43e36bc,1-be0fe35422cb261cd115608c08061540,16666
22,3,Fradique Coutinho,-23.5661,-46.6841,21,35784,53,30,18,NORMAL,19,2019-10-11,12,151792abd81a8c707f812299e43e4169,1-5295185aa16cfe89ab09159076d82dfc,10721
39,10,Moema,-23.5489,-46.6388,41,17743,54,86,15,NORMAL,5,2018-6-18,46,151792abd81a8c707f812299e43e4ea3,1-10ba9165d5a216bb9eee2319eedb8668,16728
28,26,Moema,-23.5489,-46.6388,15,20739,57,38,12,NORMAL,38,2018-7-11,40,151792abd81a8c707f812299e43e877d,1-06ac005b36506c0105140385ca9f6359,16751
23,37,Moema,-23.5489,-46.6388,37,18916,65,51,37,REABASTECER,25,2018-8-5,6,151792abd81a8c707f812299e43eaf1e,1-c69d7d0b3a2599a832e75c8ce8a8067b,16775
30,26,Higienpolis-Mackenzie,-23.5488,-46.6519,32,93428,56,54,33,NORMAL,43,2018-4-18,65,151792abd81a8c707f812299e43ed2ec,1-9d231af988c68b9ad0e049a46f5a7e1f,7308
26,39,Higienpolis-Mackenzie,-23.5488,-46.6519,10,93566,59,41,37,NORMAL,6,2018-4-27,1,151792abd81a8c707f812299e43edb20,1-721ca60e0b2bae08e768134164e86b0f,7317
19,6,Higienpolis-Mackenzie,-23.5488,-46.6519,28,92146,43,55,24,REABASTECER,37,2018-6-1,8,151792abd81a8c707f812299e43efa48,1-08765abcb893d491833f99657459a41b,7351
23,12,Higienpolis-Mackenzie,-23.5488,-46.6519,37,93242,37,23,29,NORMAL,35,2018-6-12,55,151792abd81a8c707f812299e43f03b5,1-1f5ec61ec7ce55bf7cb352cad4d89021,7362
2,31,Moema,-23.5489,-46.6388,17,17229,9,34,24,REABASTECER,7,2018-11-29,28,151792abd81a8c707f812299e43f1f32,1-58f53ed8b5bec3f3426401b0044bdb94,16889
11,29,Higienpolis-Mackenzie,-23.5488,-46.6519,39,89980,2,5,4,NORMAL,15,2018-7-19,14,151792abd81a8c707f812299e43f2eb6,1-c0dbabb488f75e0f9e94ecf29a5086fe,7399
25,42,Hospital So Paulo,-23.5984,-46.6455,27,25005,19,11,26,REABASTECER,16,2019-10-5,41,151792abd81a8c707f812299e43f87f4,1-f2381c74c7512b4a5f4fbcf5a6e5de9a,16931
5,14,Higienpolis-Mackenzie,-23.5488,-46.6519,20,89706,58,41,8,NORMAL,43,2018-11-9,38,151792abd81a8c707f812299e43fec49,1-131db03a060b8dd4b9695647685bfd24,7509
14,10,Higienpolis-Mackenzie,-23.5488,-46.6519,16,92556,59,26,29,NORMAL,7,2018-12-8,25,151792abd81a8c707f812299e4400fe7,1-76ce3373eca70c73f60febd94a9bae68,7538
36,33,Luz,-23.5365,-46.6332,3,124130,42,79,35,NORMAL,43,2018-11-7,60,151792abd81a8c707f812299e4401a29,1-482cb3bcb285d3612d2f37fa369f17e7,11107
15,31,Higienpolis-Mackenzie,-23.5488,-46.6519,19,92406,45,86,43,NORMAL,41,2019-3-1,59,151792abd81a8c707f812299e440480a,1-3b112cf3978a4a7ea66f84d8acc51a5b,7621
33,12,Higienpolis-Mackenzie,-23.5488,-46.6519,11,90331,49,61,43,NORMAL,41,2019-3-21,65,151792abd81a8c707f812299e4406a6d,1-0e025038c5695aa9d507a7ca6e3423ce,7641
15,34,Higienpolis-Mackenzie,-23.5488,-46.6519,35,89935,9,73,30,REABASTECER,37,2019-4-15,20,151792abd81a8c707f812299e4408d50,1-e8f1ad2ff74f930d72b385c00db5167a,7665
4,21,Luz,-23.5365,-46.6332,37,124678,2,66,2,NORMAL,18,2019-2-16,20,151792abd81a8c707f812299e4409e56,1-a5874dd464d55595d65a834892204fb0,11206
35,14,Luz,-23.5365,-46.6332,28,126957,51,31,38,REABASTECER,3,2019-2-19,65,151792abd81a8c707f812299e4409f2d,1-146e3ae11abaedb3dbc4e3361882e80a,11209
32,27,Higienpolis-Mackenzie,-23.5488,-46.6519,14,91046,21,15,15,REABASTECER,26,2019-5-17,6,151792abd81a8c707f812299e440b830,1-27643e60de1a457ab5f34e4f51b81d83,7697
17,14,Higienpolis-Mackenzie,-23.5488,-46.6519,6,91827,65,76,43,NORMAL,17,2019-5-20,53,151792abd81a8c707f812299e440bcea,1-898a466d35d81c71f052b74b77ae2913,7700
16,13,Higienpolis-Mackenzie,-23.5488,-46.6519,35,91530,9,5,18,REABASTECER,15,2019-7-11,6,151792abd81a8c707f812299e440e8bc,1-99406eab02b849ea70ff1cc7598e87e4,7751
41,41,Higienpolis-Mackenzie,-23.5488,-46.6519,18,92972,38,42,1,REABASTECER,43,2019-7-16,29,151792abd81a8c707f812299e440f212,1-5695435beac4eb8c7a9e17d17c98b97c,7756
9,8,Luz,-23.5365,-46.6332,30,124957,24,48,31,NORMAL,29,2019-8-25,53,151792abd81a8c707f812299e441a5f0,1-539601639c00d02302b41f0986cd3772,11395
39,13,Paraso,-23.57677,-46.63933,25,71059,12,44,14,NORMAL,28,2019-3-26,12,151792abd81a8c707f812299e441f5b8,1-a9944c8d2ec2c07cc739cc907ede99ad,446
31,40,Ana Rosa,-23.5813,-46.6383,38,66786,54,68,31,NORMAL,31,2018-1-3,45,151792abd81a8c707f812299e442309c,1-c5158a6b6932463efa8c1b17ba18dbd6,11523
30,32,Paraso,-23.57677,-46.63933,37,72089,59,55,7,NORMAL,32,2019-5-28,46,151792abd81a8c707f812299e4424193,1-a516ca04e4a0b9aba2805f73d3315e67,508
19,40,Faria Lima,-23.5675,-46.6929,32,52417,3,17,22,REABASTECER,21,2018-4-14,65,151792abd81a8c707f812299e4424b55,1-18e208d93c1832045525b40b0abbe60b,8024
18,16,Ana Rosa,-23.5813,-46.6383,43,66286,17,58,29,NORMAL,35,2018-4-12,39,151792abd81a8c707f812299e442b43d,1-eda751cea13d54dcb6451c384820c523,11622
29,33,Faria Lima,-23.5675,-46.6929,31,53996,4,86,43,NORMAL,43,2018-8-7,57,151792abd81a8c707f812299e442fd4c,1-12c11ee23d32722d80b7739685bcc309,8137
23,38,Paraso,-23.57677,-46.63933,31,70784,30,74,22,NORMAL,18,2019-10-27,45,151792abd81a8c707f812299e44326fb,1-4277542bd6d009d37520e368c9264f27,657
40,9,Faria Lima,-23.5675,-46.6929,16,52515,56,42,8,NORMAL,21,2018-9-26,47,151792abd81a8c707f812299e4436da1,1-7a721eca9c1bcbbead5fe39743c93c99,8186
18,38,Paraso,-23.57677,-46.63933,32,73509,30,60,34,NORMAL,10,2019-12-1,13,151792abd81a8c707f812299e44374bc,1-364929abed51b1981e5409577ddb46cc,691
32,12,Ana Rosa,-23.5813,-46.6383,6,66697,65,44,16,NORMAL,13,2018-8-26,41,151792abd81a8c707f812299e443d4b3,1-b83ecf4831424e0958a0ab8c8224f167,11756
21,43,Faria Lima,-23.5675,-46.6929,33,54896,35,86,38,NORMAL,4,2018-11-14,33,151792abd81a8c707f812299e443e9f8,1-883d29f1396789ed1211d4743b2dfa20,8234
34,21,Ana Rosa,-23.5813,-46.6383,43,65774,58,86,8,NORMAL,43,2018-9-29,56,151792abd81a8c707f812299e4440dbd,1-dd8adfff675b72a26b2176c8cfdae9d4,11789
30,37,Brigadeiro,-23.5683,-46.6482,13,47300,65,64,5,REABASTECER,5,2018-2-26,12,151792abd81a8c707f812299e44425b7,1-dd78e99e3925ce3d2baeb3d0bb2d9e1e,776
33,37,Brigadeiro,-23.5683,-46.6482,27,48473,18,51,12,REABASTECER,6,2018-3-6,9,151792abd81a8c707f812299e44425de,1-8c3b9982def1d0619af024e452d27e3d,786
29,34,Brigadeiro,-23.5683,-46.6482,39,47928,58,18,4,NORMAL,27,2018-3-19,28,151792abd81a8c707f812299e44436bb,1-9c1e9bac35d6e4cabff505b813da454c,799
12,12,Ana Rosa,-23.5813,-46.6383,24,65090,43,30,22,NORMAL,38,2018-11-21,9,151792abd81a8c707f812299e4444a66,1-3bafe651ffa8ef66d1c5673e696d224f,11841
14,40,Faria Lima,-23.5675,-46.6929,12,51955,46,86,41,NORMAL,43,2019-3-2,65,151792abd81a8c707f812299e44493b7,1-0ae748de440ff7bb7b5615977cce0dd9,8342
20,30,Brigadeiro,-23.5683,-46.6482,33,49616,65,31,25,NORMAL,32,2018-8-9,26,151792abd81a8c707f812299e444d1bc,1-cf762db4875116ddb893e32c4f42c763,939
3,31,Brigadeiro,-23.5683,-46.6482,37,45932,28,77,8,NORMAL,10,2018-8-23,57,151792abd81a8c707f812299e444da80,1-e22345aabb3910ff2470eece76ef9a23,953
21,18,Faria Lima,-23.5675,-46.6929,34,52443,38,10,37,NORMAL,32,2019-6-12,65,151792abd81a8c707f812299e444e6a1,1-1d02f893d8ed0fdf19228b6a6168ac26,8442
27,14,Faria Lima,-23.5675,-46.6929,8,54014,55,67,21,NORMAL,43,2019-8-18,61,151792abd81a8c707f812299e444fe8b,1-92e84ad6f14bbdd06c495ffec8db1dc9,8508
17,29,Brigadeiro,-23.5683,-46.6482,1,49525,46,86,6,NORMAL,25,2018-11-12,36,151792abd81a8c707f812299e4450bc6,1-3076123f1e75fd3e0f994a0d9e1d136d,1032
2,33,Ana Rosa,-23.5813,-46.6383,10,63794,53,77,28,REABASTECER,18,2019-8-23,37,151792abd81a8c707f812299e445522e,1-290c5423e4bcdcf77e3cb2e5065d0f76,12113
9,12,Ana Rosa,-23.5813,-46.6383,31,66396,13,7,34,REABASTECER,23,2019-9-2,28,151792abd81a8c707f812299e4455825,1-38e6882cfbe9753d8ee5ea3e4e0665dc,12122
43,27,Faria Lima,-23.5675,-46.6929,22,52447,6,67,35,NORMAL,25,2019-11-30,30,151792abd81a8c707f812299e4458a7a,1-215552e941fac607424835b60204683f,8610
39,20,Ana Rosa,-23.5813,-46.6383,9,66682,55,75,43,NORMAL,17,2019-11-8,65,151792abd81a8c707f812299e445b87f,1-24f1ccd628fb35caf6b4208240f9db87,12188
38,36,Pinheiros,-23.5664,-46.703,26,78112,9,53,18,REABASTECER,13,2018-1-21,57,151792abd81a8c707f812299e445d282,1-ca29cb5b52ea70f781f53619c10ea8d1,8661
18,23,Pinheiros,-23.5664,-46.703,43,78674,32,75,38,NORMAL,28,2018-1-27,13,151792abd81a8c707f812299e445dcd1,1-44c090692b411cc64888100625ba6e10,8667
23,43,So Joaquim,-23.5618,-46.6389,20,36046,29,7,36,REABASTECER,22,2018-1-26,65,151792abd81a8c707f812299e44618cd,1-6d0bdaf82b414646a5684e105b1ea7d4,12266
35,38,Brigadeiro,-23.5683,-46.6482,20,48635,23,43,16,NORMAL,29,2019-7-17,18,151792abd81a8c707f812299e4463228,1-a6d2046c5cb9eb0b2849f523097815d8,1277
27,43,So Joaquim,-23.5618,-46.6389,28,36245,37,45,6,REABASTECER,28,2018-3-8,43,151792abd81a8c707f812299e4463922,1-833ba4322136a0dd50bb90edc88fde20,12308
43,32,Brigadeiro,-23.5683,-46.6482,26,46247,35,86,29,NORMAL,26,2019-8-17,13,151792abd81a8c707f812299e4466b1a,1-43a1e95616ba3facf956a255fce50032,1307
28,36,Brigadeiro,-23.5683,-46.6482,8,49329,13,76,43,NORMAL,39,2019-9-15,26,151792abd81a8c707f812299e4467356,1-3cfefedf96125d6b3b0dd54c78baf0f8,1335
5,39,Pinheiros,-23.5664,-46.703,42,77741,65,18,17,REABASTECER,3,2018-8-27,37,151792abd81a8c707f812299e446ba03,1-0bab1216189301f39c3fcc038ea8f6db,8877
30,22,So Joaquim,-23.5618,-46.6389,13,35124,20,10,27,REABASTECER,15,2018-8-27,25,151792abd81a8c707f812299e446fe07,1-e151bc30be4865a95d5adc9dbde1174a,12477
43,15,Pinheiros,-23.5664,-46.703,29,79615,65,86,33,NORMAL,28,2018-11-8,27,151792abd81a8c707f812299e44702f2,1-8528b84f30489a5975ac54bf9038134b,8948
19,14,So Joaquim,-23.5618,-46.6389,10,35251,13,57,16,NORMAL,21,2019-5-3,19,151792abd81a8c707f812299e447fe41,1-718f8ad154f642a41aed6b129b4e2d49,12723
29,20,Trianon-Masp,-23.5634,-46.6544,43,43328,10,61,13,NORMAL,7,2018-9-29,8,151792abd81a8c707f812299e4480c44,1-5dc61237b66dd2970d3bb66c0fd704a4,1709
32,41,So Joaquim,-23.5618,-46.6389,43,34193,29,70,25,NORMAL,37,2019-5-21,43,151792abd81a8c707f812299e4483386,1-11a9705da5e66fbc1156992c8fb637a1,12741
38,42,Trianon-Masp,-23.5634,-46.6544,5,45375,38,50,28,REABASTECER,19,2018-10-17,33,151792abd81a8c707f812299e44842a4,1-6eff0ceea17be8527f3cb3c579ac2035,1727
36,7,Trianon-Masp,-23.5634,-46.6544,10,43908,29,86,13,NORMAL,43,2018-10-30,18,151792abd81a8c707f812299e4484a5f,1-84e6fd47d772a58da5623b590d54a044,1740
39,10,Trianon-Masp,-23.5634,-46.6544,4,41944,26,86,41,REABASTECER,17,2019-1-30,46,151792abd81a8c707f812299e448cf51,1-87cf8249b1a5d99720707eb024d75028,1830
35,6,So Joaquim,-23.5618,-46.6389,5,35401,56,42,39,NORMAL,43,2019-10-26,15,151792abd81a8c707f812299e4491010,1-73423fd2aa95811b51b878a92cf6d48b,12896
43,19,Butant,-23.5844,-46.7252,15,64690,44,19,37,NORMAL,29,2018-1-24,32,151792abd81a8c707f812299e4493622,1-bef9e5b937c97d40b4c506cef0dcacfa,9384
35,6,Trianon-Masp,-23.5634,-46.6544,34,44915,57,64,2,REABASTECER,41,2019-6-24,29,151792abd81a8c707f812299e4497524,1-50b5db3af961f3859d34b166b4ed4b43,1974
43,14,Butant,-23.5844,-46.7252,22,66804,58,11,30,NORMAL,9,2018-4-8,44,151792abd81a8c707f812299e4497d57,1-3e80891df2b748b8680aa0b1bac76fc8,9458
40,28,Butant,-23.5844,-46.7252,43,67574,63,77,29,NORMAL,8,2018-4-19,35,151792abd81a8c707f812299e4499830,1-7fcc45364ed1ddafe116271ce37b435a,9469
19,4,So Judas,-23.6255,-46.6411,32,16856,8,35,14,NORMAL,29,2018-3-8,20,151792abd81a8c707f812299e4499b33,1-1efc9f20d8e0e6059403be9522a4f312,13028
38,3,Trianon-Masp,-23.5634,-46.6544,8,45337,65,10,6,NORMAL,3,2019-8-5,3,151792abd81a8c707f812299e449a5e2,1-819023366f605e4a32049c66813e3a4f,2015
12,24,Trianon-Masp,-23.5634,-46.6544,35,44604,28,29,22,NORMAL,20,2019-8-11,34,151792abd81a8c707f812299e449b019,1-6b2b333bf5e886e684f457d623121ddb,2021
16,41,So Judas,-23.6255,-46.6411,40,17055,59,32,9,NORMAL,40,2018-5-22,29,151792abd81a8c707f812299e449e81a,1-f281a7c6368a56d71ac72030e1f4de2b,13102
31,29,Trianon-Masp,-23.5634,-46.6544,13,42133,1,14,16,REABASTECER,43,2019-11-12,51,151792abd81a8c707f812299e44a0ba7,1-22e1cf09dabc711c9f1846523f9398e4,2112
41,16,Trianon-Masp,-23.5634,-46.6544,20,45194,21,86,40,NORMAL,6,2019-12-20,53,151792abd81a8c707f812299e44a42d4,1-9e12bb0a006cb91c0d39251008d22e45,2150
25,35,Butant,-23.5844,-46.7252,9,66899,6,48,27,REABASTECER,33,2018-10-4,16,151792abd81a8c707f812299e44a4b0e,1-f0c98547c84d3650386e983b87d29e06,9634
38,12,Butant,-23.5844,-46.7252,28,64513,26,65,5,NORMAL,4,2018-10-11,32,151792abd81a8c707f812299e44a67e9,1-6ff3fd2a9cf4c6d14fc001adf94afff1,9641
37,9,So Judas,-23.6255,-46.6411,43,14886,8,3,4,NORMAL,3,2018-9-9,65,151792abd81a8c707f812299e44a8abb,1-d8a564615876e63a859991b1a49982e9,13209
18,30,Consolao,-23.5581,-46.6606,43,112013,34,63,37,NORMAL,30,2018-2-17,5,151792abd81a8c707f812299e44aaf8b,1-1ade732d5c0a1015f93d4950634dcec3,2207
13,39,Consolao,-23.5581,-46.6606,10,115147,42,51,43,NORMAL,35,2018-2-27,65,151792abd81a8c707f812299e44ac9c8,1-f862129117edac108053d728229f4c36,2217
20,35,So Judas,-23.6255,-46.6411,24,16915,30,46,26,NORMAL,33,2018-11-8,45,151792abd81a8c707f812299e44b232f,1-5ada067578a127964baff3cd0d70f586,13268
8,37,Consolao,-23.5581,-46.6606,35,112442,24,38,3,NORMAL,28,2018-4-11,42,151792abd81a8c707f812299e44b2731,1-70731b8481971d0044bb5901eef35f62,2261
28,20,Consolao,-23.5581,-46.6606,29,112505,34,34,22,NORMAL,37,2018-4-29,41,151792abd81a8c707f812299e44b478a,1-abbb8b8a69baaad4aa81405248794c33,2279
31,23,Consolao,-23.5581,-46.6606,18,113495,39,78,18,NORMAL,9,2018-5-30,8,151792abd81a8c707f812299e44b6500,1-05596d8068ec26f8d2faee7f0fcc23d1,2310
43,15,Consolao,-23.5581,-46.6606,18,113084,42,32,40,NORMAL,21,2018-6-30,56,151792abd81a8c707f812299e44b7cf1,1-9e3af4ee4b34ffdc1d6029a17601ccb1,2340
19,11,Butant,-23.5844,-46.7252,16,67884,24,25,40,NORMAL,37,2019-6-18,15,151792abd81a8c707f812299e44bdd71,1-ba17754a9a19ee7c928df804ad5d2b05,9888
39,35,So Judas,-23.6255,-46.6411,25,14849,5,33,9,NORMAL,22,2019-6-4,32,151792abd81a8c707f812299e44c2e75,1-31380b9edeabb114aacf1d910969eb5d,13474
8,40,Butant,-23.5844,-46.7252,11,65119,20,20,31,NORMAL,16,2019-8-3,10,151792abd81a8c707f812299e44c3e06,1-0d55474c52ed90fd08ff9c4013780d0d,9933
37,35,Consolao,-23.5581,-46.6606,32,112609,55,28,38,REABASTECER,31,2018-11-22,5,151792abd81a8c707f812299e44c622a,1-1bb86b4ac36b08337c8b3d9857924284,2482
32,32,So Judas,-23.6255,-46.6411,11,14112,65,79,36,NORMAL,43,2019-8-1,50,151792abd81a8c707f812299e44cad53,1-de5cfbb511f97a0c4d167551bc6f58c3,13531
35,39,Butant,-23.5844,-46.7252,31,65641,37,15,21,NORMAL,21,2019-11-2,65,151792abd81a8c707f812299e44ce749,1-f753181aee5472787c49fb05e29492e7,10022
